"OBJECTID","ID_0","ISO","NAME_0","ID_1","NAME_1","ID_2","NAME_2","ID_3","NAME_3","CCN_3","CCA_3","TYPE_3","ENGTYPE_3","NL_NAME_3","VARNAME_3"
1,74,"ETH","Ethiopia",1,"Addis Abeba",1,"Addis Abeba",1,"Addis Ketema",NA,"140108","Woreda","District",""," "
2,74,"ETH","Ethiopia",1,"Addis Abeba",1,"Addis Abeba",2,"Akaki - Kalit",NA,"140101","Woreda","District",""," "
3,74,"ETH","Ethiopia",1,"Addis Abeba",1,"Addis Abeba",3,"Arada",NA,"140109","Woreda","District",""," "
4,74,"ETH","Ethiopia",1,"Addis Abeba",1,"Addis Abeba",4,"Bole",NA,"140104","Woreda","District",""," "
5,74,"ETH","Ethiopia",1,"Addis Abeba",1,"Addis Abeba",5,"Gulele",NA,"140110","Woreda","District",""," "
6,74,"ETH","Ethiopia",1,"Addis Abeba",1,"Addis Abeba",6,"Kirkos",NA,"140106","Woreda","District",""," "
7,74,"ETH","Ethiopia",1,"Addis Abeba",1,"Addis Abeba",7,"Kolfe - Keran",NA,"140103","Woreda","District",""," "
8,74,"ETH","Ethiopia",1,"Addis Abeba",1,"Addis Abeba",8,"Lideta",NA,"140105","Woreda","District",""," "
9,74,"ETH","Ethiopia",1,"Addis Abeba",1,"Addis Abeba",9,"Nefas Silk",NA,"140102","Woreda","District",""," "
10,74,"ETH","Ethiopia",1,"Addis Abeba",1,"Addis Abeba",10,"Yeka",NA,"140107","Woreda","District",""," "
11,74,"ETH","Ethiopia",2,"Afar",2,"Afar Zone 1",11,"Adaa'r",NA,"0201051","Woreda","District",""," "
12,74,"ETH","Ethiopia",2,"Afar",2,"Afar Zone 1",12,"Afambo",NA,"020104","Woreda","District",""," "
13,74,"ETH","Ethiopia",2,"Afar",2,"Afar Zone 1",13,"Aysaita",NA,"020103","Woreda","District",""," "
14,74,"ETH","Ethiopia",2,"Afar",2,"Afar Zone 1",14,"Chifra",NA,"020106","Woreda","District",""," "
15,74,"ETH","Ethiopia",2,"Afar",2,"Afar Zone 1",15,"Dubti",NA,"020101","Woreda","District",""," "
16,74,"ETH","Ethiopia",2,"Afar",2,"Afar Zone 1",16,"Elidar",NA,"020102","Woreda","District",""," "
17,74,"ETH","Ethiopia",2,"Afar",2,"Afar Zone 1",17,"Kurri",NA,"0201011","Woreda","District",""," "
18,74,"ETH","Ethiopia",2,"Afar",2,"Afar Zone 1",18,"Mile",NA,"020105","Woreda","District",""," "
19,74,"ETH","Ethiopia",2,"Afar",3,"Afar Zone 2",19,"Ab Ala",NA,"020203","Woreda","District",""," "
20,74,"ETH","Ethiopia",2,"Afar",3,"Afar Zone 2",20,"Afdera",NA,"020207","Woreda","District",""," "
21,74,"ETH","Ethiopia",2,"Afar",3,"Afar Zone 2",21,"Berahile",NA,"020205","Woreda","District",""," "
22,74,"ETH","Ethiopia",2,"Afar",3,"Afar Zone 2",22,"Bidu",NA,"0202071","Woreda","District",""," "
23,74,"ETH","Ethiopia",2,"Afar",3,"Afar Zone 2",23,"Dalul",NA,"020206","Woreda","District",""," "
24,74,"ETH","Ethiopia",2,"Afar",3,"Afar Zone 2",24,"Erebti",NA,"020201","Woreda","District",""," "
25,74,"ETH","Ethiopia",2,"Afar",3,"Afar Zone 2",25,"Koneba",NA,"020202","Woreda","District",""," "
26,74,"ETH","Ethiopia",2,"Afar",3,"Afar Zone 2",26,"Megale",NA,"020204","Woreda","District",""," "
27,74,"ETH","Ethiopia",2,"Afar",4,"Afar Zone 3",27,"Amibara",NA,"020301","Woreda","District",""," "
28,74,"ETH","Ethiopia",2,"Afar",4,"Afar Zone 3",28,"Argoba Special Woreda",NA,"020306","Woreda","District",""," "
29,74,"ETH","Ethiopia",2,"Afar",4,"Afar Zone 3",29,"Awash Fentale",NA,"020302","Woreda","District",""," "
30,74,"ETH","Ethiopia",2,"Afar",4,"Afar Zone 3",30,"Bure Mudaytu",NA,"020305","Woreda","District",""," "
31,74,"ETH","Ethiopia",2,"Afar",4,"Afar Zone 3",31,"Dulecha",NA,"020304","Woreda","District",""," "
32,74,"ETH","Ethiopia",2,"Afar",4,"Afar Zone 3",32,"Gewane",NA,"020303","Woreda","District",""," "
33,74,"ETH","Ethiopia",2,"Afar",5,"Afar Zone 4",33,"Awra",NA,"020401","Woreda","District",""," "
34,74,"ETH","Ethiopia",2,"Afar",5,"Afar Zone 4",34,"Ewa",NA,"020402","Woreda","District",""," "
35,74,"ETH","Ethiopia",2,"Afar",5,"Afar Zone 4",35,"Gulina",NA,"020405","Woreda","District",""," "
36,74,"ETH","Ethiopia",2,"Afar",5,"Afar Zone 4",36,"Teru",NA,"020403","Woreda","District",""," "
37,74,"ETH","Ethiopia",2,"Afar",5,"Afar Zone 4",37,"Yalo",NA,"020404","Woreda","District",""," "
38,74,"ETH","Ethiopia",2,"Afar",6,"Afar Zone 5",38,"Dalfagi",NA,"020504","Woreda","District",""," "
39,74,"ETH","Ethiopia",2,"Afar",6,"Afar Zone 5",39,"Dewe",NA,"020503","Woreda","District",""," "
40,74,"ETH","Ethiopia",2,"Afar",6,"Afar Zone 5",40,"Hadelela",NA,"020505","Woreda","District",""," "
41,74,"ETH","Ethiopia",2,"Afar",6,"Afar Zone 5",41,"Simurobi Gele'alo",NA,"020502","Woreda","District",""," "
42,74,"ETH","Ethiopia",2,"Afar",6,"Afar Zone 5",42,"Telalak",NA,"020501","Woreda","District",""," "
43,74,"ETH","Ethiopia",3,"Amhara",7,"Agew Awi",43,"Ankasha",NA,"030903","Woreda","District",""," "
44,74,"ETH","Ethiopia",3,"Amhara",7,"Agew Awi",44,"Banja",NA,"030902","Woreda","District",""," "
45,74,"ETH","Ethiopia",3,"Amhara",7,"Agew Awi",45,"Dangila",NA,"030901","Woreda","District",""," "
46,74,"ETH","Ethiopia",3,"Amhara",7,"Agew Awi",46,"Fagta Lakoma",NA,"030905","Woreda","District",""," "
47,74,"ETH","Ethiopia",3,"Amhara",7,"Agew Awi",47,"Guagusa Shikudad",NA,"030907","Woreda","District",""," "
48,74,"ETH","Ethiopia",3,"Amhara",7,"Agew Awi",48,"Guangua",NA,"030904","Woreda","District",""," "
49,74,"ETH","Ethiopia",3,"Amhara",7,"Agew Awi",49,"Jawi",NA,"030906","Woreda","District",""," "
50,74,"ETH","Ethiopia",3,"Amhara",8,"Argoba",50,"Argoba",NA,"031201","Woreda","District",""," "
51,74,"ETH","Ethiopia",3,"Amhara",9,"Bahir Dar Special Zone",51,"Bahir Dar",NA,"031101","Woreda","District",""," "
52,74,"ETH","Ethiopia",3,"Amhara",10,"Debub Gondar",52,"Dera",NA,"030209","Woreda","District",""," "
53,74,"ETH","Ethiopia",3,"Amhara",10,"Debub Gondar",53,"East Esite",NA,"030208","Woreda","District",""," "
54,74,"ETH","Ethiopia",3,"Amhara",10,"Debub Gondar",54,"Ebenat",NA,"030201","Woreda","District",""," "
55,74,"ETH","Ethiopia",3,"Amhara",10,"Debub Gondar",55,"Farta",NA,"030204","Woreda","District",""," "
56,74,"ETH","Ethiopia",3,"Amhara",10,"Debub Gondar",56,"Fogera",NA,"030203","Woreda","District",""," "
57,74,"ETH","Ethiopia",3,"Amhara",10,"Debub Gondar",57,"Lay Gayint",NA,"030205","Woreda","District",""," "
58,74,"ETH","Ethiopia",3,"Amhara",10,"Debub Gondar",58,"Libo Kemkem",NA,"030202","Woreda","District",""," "
59,74,"ETH","Ethiopia",3,"Amhara",10,"Debub Gondar",59,"Simada",NA,"030207","Woreda","District",""," "
60,74,"ETH","Ethiopia",3,"Amhara",10,"Debub Gondar",60,"Tach Gayint",NA,"030206","Woreda","District",""," "
61,74,"ETH","Ethiopia",3,"Amhara",10,"Debub Gondar",61,"West Esite",NA,"030211","Woreda","District",""," "
62,74,"ETH","Ethiopia",3,"Amhara",11,"Debub Wollo",62,"Albuko",NA,"030408","Woreda","District",""," "
63,74,"ETH","Ethiopia",3,"Amhara",11,"Debub Wollo",63,"Ambasel",NA,"030404","Woreda","District",""," "
64,74,"ETH","Ethiopia",3,"Amhara",11,"Debub Wollo",64,"Debresina",NA,"030412","Woreda","District",""," "
65,74,"ETH","Ethiopia",3,"Amhara",11,"Debub Wollo",65,"Dessie Zuria",NA,"030409","Woreda","District",""," "
66,74,"ETH","Ethiopia",3,"Amhara",11,"Debub Wollo",66,"Jama",NA,"030414","Woreda","District",""," "
67,74,"ETH","Ethiopia",3,"Amhara",11,"Debub Wollo",67,"Kalu",NA,"030407","Woreda","District",""," "
68,74,"ETH","Ethiopia",3,"Amhara",11,"Debub Wollo",68,"Kelela",NA,"030413","Woreda","District",""," "
69,74,"ETH","Ethiopia",3,"Amhara",11,"Debub Wollo",69,"Kutaber",NA,"030403","Woreda","District",""," "
70,74,"ETH","Ethiopia",3,"Amhara",11,"Debub Wollo",70,"Legambo",NA,"030410","Woreda","District",""," "
71,74,"ETH","Ethiopia",3,"Amhara",11,"Debub Wollo",71,"Legehida",NA,"030420","Woreda","District",""," "
72,74,"ETH","Ethiopia",3,"Amhara",11,"Debub Wollo",72,"Mehal Sayint",NA,"030419","Woreda","District",""," "
73,74,"ETH","Ethiopia",3,"Amhara",11,"Debub Wollo",73,"Mekdela",NA,"030401","Woreda","District",""," "
74,74,"ETH","Ethiopia",3,"Amhara",11,"Debub Wollo",74,"Sayint",NA,"030411","Woreda","District",""," "
75,74,"ETH","Ethiopia",3,"Amhara",11,"Debub Wollo",75,"Tenta",NA,"030402","Woreda","District",""," "
76,74,"ETH","Ethiopia",3,"Amhara",11,"Debub Wollo",76,"Thehulederie",NA,"030405","Woreda","District",""," "
77,74,"ETH","Ethiopia",3,"Amhara",11,"Debub Wollo",77,"Wegde",NA,"030416","Woreda","District",""," "
78,74,"ETH","Ethiopia",3,"Amhara",11,"Debub Wollo",78,"Were Ilu",NA,"030415","Woreda","District",""," "
79,74,"ETH","Ethiopia",3,"Amhara",11,"Debub Wollo",79,"Worebabu",NA,"030406","Woreda","District",""," "
80,74,"ETH","Ethiopia",3,"Amhara",12,"Mirab Gojjam",80,"Bahir Dar Zuria",NA,"030702","Woreda","District",""," "
81,74,"ETH","Ethiopia",3,"Amhara",12,"Mirab Gojjam",81,"Bure",NA,"030710","Woreda","District",""," "
82,74,"ETH","Ethiopia",3,"Amhara",12,"Mirab Gojjam",82,"Debub Achefer",NA,"030713","Woreda","District",""," "
83,74,"ETH","Ethiopia",3,"Amhara",12,"Mirab Gojjam",83,"Dega Damot",NA,"030707","Woreda","District",""," "
84,74,"ETH","Ethiopia",3,"Amhara",12,"Mirab Gojjam",84,"Dembecha",NA,"030708","Woreda","District",""," "
85,74,"ETH","Ethiopia",3,"Amhara",12,"Mirab Gojjam",85,"Jabi Tehnan",NA,"030709","Woreda","District",""," "
86,74,"ETH","Ethiopia",3,"Amhara",12,"Mirab Gojjam",86,"Mecha",NA,"030704","Woreda","District",""," "
87,74,"ETH","Ethiopia",3,"Amhara",12,"Mirab Gojjam",87,"Quarit",NA,"030706","Woreda","District",""," "
88,74,"ETH","Ethiopia",3,"Amhara",12,"Mirab Gojjam",88,"Sekela",NA,"030705","Woreda","District",""," "
89,74,"ETH","Ethiopia",3,"Amhara",12,"Mirab Gojjam",89,"Semen Achefer",NA,"030701","Woreda","District",""," "
90,74,"ETH","Ethiopia",3,"Amhara",12,"Mirab Gojjam",90,"Wemberma",NA,"030711","Woreda","District",""," "
91,74,"ETH","Ethiopia",3,"Amhara",12,"Mirab Gojjam",91,"Yilmana Densa",NA,"030703","Woreda","District",""," "
92,74,"ETH","Ethiopia",3,"Amhara",13,"Misraq Gojjam",92,"Aneded",NA,"030617","Woreda","District",""," "
93,74,"ETH","Ethiopia",3,"Amhara",13,"Misraq Gojjam",93,"Awabel",NA,"030612","Woreda","District",""," "
94,74,"ETH","Ethiopia",3,"Amhara",13,"Misraq Gojjam",94,"Baso Liben",NA,"030611","Woreda","District",""," "
95,74,"ETH","Ethiopia",3,"Amhara",13,"Misraq Gojjam",95,"Bibugn",NA,"030601","Woreda","District",""," "
96,74,"ETH","Ethiopia",3,"Amhara",13,"Misraq Gojjam",96,"Debay Telatgen",NA,"030607","Woreda","District",""," "
97,74,"ETH","Ethiopia",3,"Amhara",13,"Misraq Gojjam",97,"Debre Elias",NA,"030608","Woreda","District",""," "
98,74,"ETH","Ethiopia",3,"Amhara",13,"Misraq Gojjam",98,"Dejen",NA,"030613","Woreda","District",""," "
99,74,"ETH","Ethiopia",3,"Amhara",13,"Misraq Gojjam",99,"Enarj Enawga",NA,"030605","Woreda","District",""," "
100,74,"ETH","Ethiopia",3,"Amhara",13,"Misraq Gojjam",100,"Enbise Sar Midir",NA,"030604","Woreda","District",""," "
101,74,"ETH","Ethiopia",3,"Amhara",13,"Misraq Gojjam",101,"Enemay",NA,"030606","Woreda","District",""," "
102,74,"ETH","Ethiopia",3,"Amhara",13,"Misraq Gojjam",102,"Goncha Siso Enese",NA,"030603","Woreda","District",""," "
103,74,"ETH","Ethiopia",3,"Amhara",13,"Misraq Gojjam",103,"Gonje",NA,"030618","Woreda","District",""," "
104,74,"ETH","Ethiopia",3,"Amhara",13,"Misraq Gojjam",104,"Guzamn",NA,"030610","Woreda","District",""," "
105,74,"ETH","Ethiopia",3,"Amhara",13,"Misraq Gojjam",105,"Hulet Ej Enese",NA,"030602","Woreda","District",""," "
106,74,"ETH","Ethiopia",3,"Amhara",13,"Misraq Gojjam",106,"Michakel",NA,"030609","Woreda","District",""," "
107,74,"ETH","Ethiopia",3,"Amhara",13,"Misraq Gojjam",107,"Senan",NA,"030616","Woreda","District",""," "
108,74,"ETH","Ethiopia",3,"Amhara",13,"Misraq Gojjam",108,"Shebel Bereta",NA,"030614","Woreda","District",""," "
109,74,"ETH","Ethiopia",3,"Amhara",14,"North Shewa",109,"Angolelana Tera",NA,"030513","Woreda","District",""," "
110,74,"ETH","Ethiopia",3,"Amhara",14,"North Shewa",110,"Ankober",NA,"030515","Woreda","District",""," "
111,74,"ETH","Ethiopia",3,"Amhara",14,"North Shewa",111,"Antsokiya",NA,"030507","Woreda","District",""," "
112,74,"ETH","Ethiopia",3,"Amhara",14,"North Shewa",112,"Assagirt",NA,"030514","Woreda","District",""," "
113,74,"ETH","Ethiopia",3,"Amhara",14,"North Shewa",113,"Basona Worena",NA,"030519","Woreda","District",""," "
114,74,"ETH","Ethiopia",3,"Amhara",14,"North Shewa",114,"Berehet",NA,"030517","Woreda","District",""," "
115,74,"ETH","Ethiopia",3,"Amhara",14,"North Shewa",115,"Eferatana Gidem",NA,"030508","Woreda","District",""," "
116,74,"ETH","Ethiopia",3,"Amhara",14,"North Shewa",116,"Ensaro",NA,"030503","Woreda","District",""," "
117,74,"ETH","Ethiopia",3,"Amhara",14,"North Shewa",117,"Gishe Rabel",NA,"030506","Woreda","District",""," "
118,74,"ETH","Ethiopia",3,"Amhara",14,"North Shewa",118,"Hagere Mariam",NA,"030516","Woreda","District",""," "
119,74,"ETH","Ethiopia",3,"Amhara",14,"North Shewa",119,"Kewet",NA,"030512","Woreda","District",""," "
120,74,"ETH","Ethiopia",3,"Amhara",14,"North Shewa",120,"Menz Gera Midir",NA,"030505","Woreda","District",""," "
121,74,"ETH","Ethiopia",3,"Amhara",14,"North Shewa",121,"Menz Keya Gabriel",NA,"030521","Woreda","District",""," "
122,74,"ETH","Ethiopia",3,"Amhara",14,"North Shewa",122,"Menz Lalo Midir",NA,"030522","Woreda","District",""," "
123,74,"ETH","Ethiopia",3,"Amhara",14,"North Shewa",123,"Menz Mama Midir",NA,"030509","Woreda","District",""," "
124,74,"ETH","Ethiopia",3,"Amhara",14,"North Shewa",124,"Merahbete",NA,"030502","Woreda","District",""," "
125,74,"ETH","Ethiopia",3,"Amhara",14,"North Shewa",125,"Mimo Weremo",NA,"030501","Woreda","District",""," "
126,74,"ETH","Ethiopia",3,"Amhara",14,"North Shewa",126,"Minjar Shenkora",NA,"030518","Woreda","District",""," "
127,74,"ETH","Ethiopia",3,"Amhara",14,"North Shewa",127,"Mojan Wedera",NA,"030511","Woreda","District",""," "
128,74,"ETH","Ethiopia",3,"Amhara",14,"North Shewa",128,"Moretna Jiru",NA,"030504","Woreda","District",""," "
129,74,"ETH","Ethiopia",3,"Amhara",14,"North Shewa",129,"Siya Debirna Wayu",NA,"030523","Woreda","District",""," "
130,74,"ETH","Ethiopia",3,"Amhara",14,"North Shewa",130,"Tarema Ber",NA,"030510","Woreda","District",""," "
131,74,"ETH","Ethiopia",3,"Amhara",15,"Oromia",131,"Artuma Fursi",NA,"031004","Woreda","District",""," "
132,74,"ETH","Ethiopia",3,"Amhara",15,"Oromia",132,"Bati",NA,"031002","Woreda","District",""," "
133,74,"ETH","Ethiopia",3,"Amhara",15,"Oromia",133,"Dewa Cheffa",NA,"031001","Woreda","District",""," "
134,74,"ETH","Ethiopia",3,"Amhara",15,"Oromia",134,"Dewa Harewa",NA,"031005","Woreda","District",""," "
135,74,"ETH","Ethiopia",3,"Amhara",15,"Oromia",135,"Jille Timuga",NA,"031003","Woreda","District",""," "
136,74,"ETH","Ethiopia",3,"Amhara",16,"Semen Gondar",136,"Addi Arekay",NA,"030101","Woreda","District",""," "
137,74,"ETH","Ethiopia",3,"Amhara",16,"Semen Gondar",137,"Alfa",NA,"030115","Woreda","District",""," "
138,74,"ETH","Ethiopia",3,"Amhara",16,"Semen Gondar",138,"Beyeda",NA,"030102","Woreda","District",""," "
139,74,"ETH","Ethiopia",3,"Amhara",16,"Semen Gondar",139,"Chilga",NA,"030112","Woreda","District",""," "
140,74,"ETH","Ethiopia",3,"Amhara",16,"Semen Gondar",140,"Dabat",NA,"030105","Woreda","District",""," "
141,74,"ETH","Ethiopia",3,"Amhara",16,"Semen Gondar",141,"Debark",NA,"030104","Woreda","District",""," "
142,74,"ETH","Ethiopia",3,"Amhara",16,"Semen Gondar",142,"Dembia",NA,"030111","Woreda","District",""," "
143,74,"ETH","Ethiopia",3,"Amhara",16,"Semen Gondar",143,"East Belesa",NA,"030117","Woreda","District",""," "
144,74,"ETH","Ethiopia",3,"Amhara",16,"Semen Gondar",144,"Gonder Zuria",NA,"030110","Woreda","District",""," "
145,74,"ETH","Ethiopia",3,"Amhara",16,"Semen Gondar",145,"Janamora",NA,"030103","Woreda","District",""," "
146,74,"ETH","Ethiopia",3,"Amhara",16,"Semen Gondar",146,"Lay Armacho",NA,"030108","Woreda","District",""," "
147,74,"ETH","Ethiopia",3,"Amhara",16,"Semen Gondar",147,"Metema",NA,"030113","Woreda","District",""," "
148,74,"ETH","Ethiopia",3,"Amhara",16,"Semen Gondar",148,"Mirab Armacho",NA,"030106","Woreda","District",""," "
149,74,"ETH","Ethiopia",3,"Amhara",16,"Semen Gondar",149,"Quara",NA,"030114","Woreda","District",""," "
150,74,"ETH","Ethiopia",3,"Amhara",16,"Semen Gondar",150,"Tach Armacho",NA,"030120","Woreda","District",""," "
151,74,"ETH","Ethiopia",3,"Amhara",16,"Semen Gondar",151,"Takusa",NA,"030121","Woreda","District",""," "
152,74,"ETH","Ethiopia",3,"Amhara",16,"Semen Gondar",152,"Tsegede",NA,"030107","Woreda","District",""," "
153,74,"ETH","Ethiopia",3,"Amhara",16,"Semen Gondar",153,"Tselemt",NA,"030119","Woreda","District",""," "
154,74,"ETH","Ethiopia",3,"Amhara",16,"Semen Gondar",154,"Wegera",NA,"030109","Woreda","District",""," "
155,74,"ETH","Ethiopia",3,"Amhara",16,"Semen Gondar",155,"West Belesa",NA,"030116","Woreda","District",""," "
156,74,"ETH","Ethiopia",3,"Amhara",17,"Semen Wello",156,"Bugna",NA,"030301","Woreda","District",""," "
157,74,"ETH","Ethiopia",3,"Amhara",17,"Semen Wello",157,"Dawunt",NA,"030311","Woreda","District",""," "
158,74,"ETH","Ethiopia",3,"Amhara",17,"Semen Wello",158,"Delanta",NA,"030306","Woreda","District",""," "
159,74,"ETH","Ethiopia",3,"Amhara",17,"Semen Wello",159,"Gidan",NA,"030303","Woreda","District",""," "
160,74,"ETH","Ethiopia",3,"Amhara",17,"Semen Wello",160,"Guba Lafto",NA,"030307","Woreda","District",""," "
161,74,"ETH","Ethiopia",3,"Amhara",17,"Semen Wello",161,"Habru",NA,"030308","Woreda","District",""," "
162,74,"ETH","Ethiopia",3,"Amhara",17,"Semen Wello",162,"Kobo",NA,"030302","Woreda","District",""," "
163,74,"ETH","Ethiopia",3,"Amhara",17,"Semen Wello",163,"Lasta",NA,"030310","Woreda","District",""," "
164,74,"ETH","Ethiopia",3,"Amhara",17,"Semen Wello",164,"Meket",NA,"030304","Woreda","District",""," "
165,74,"ETH","Ethiopia",3,"Amhara",17,"Semen Wello",165,"Wadla",NA,"030305","Woreda","District",""," "
166,74,"ETH","Ethiopia",3,"Amhara",18,"Wag Himra",166,"Abergele",NA,"030805","Woreda","District",""," "
167,74,"ETH","Ethiopia",3,"Amhara",18,"Wag Himra",167,"Dehana",NA,"030803","Woreda","District",""," "
168,74,"ETH","Ethiopia",3,"Amhara",18,"Wag Himra",168,"Gaz Gibla",NA,"030804","Woreda","District",""," "
169,74,"ETH","Ethiopia",3,"Amhara",18,"Wag Himra",169,"Sahla",NA,"030806","Woreda","District",""," "
170,74,"ETH","Ethiopia",3,"Amhara",18,"Wag Himra",170,"Sekota",NA,"030802","Woreda","District",""," "
171,74,"ETH","Ethiopia",3,"Amhara",18,"Wag Himra",171,"Ziquala",NA,"030801","Woreda","District",""," "
172,74,"ETH","Ethiopia",4,"Benshangul-Gumaz",19,"Asosa",172,"Assosa",NA,"060303","Woreda","District",""," "
173,74,"ETH","Ethiopia",4,"Benshangul-Gumaz",19,"Asosa",173,"Bambasi",NA,"060305","Woreda","District",""," "
174,74,"ETH","Ethiopia",4,"Benshangul-Gumaz",19,"Asosa",174,"Bilidigilu",NA,"060306","Woreda","District",""," "
175,74,"ETH","Ethiopia",4,"Benshangul-Gumaz",19,"Asosa",175,"Homosha",NA,"060307","Woreda","District",""," "
176,74,"ETH","Ethiopia",4,"Benshangul-Gumaz",19,"Asosa",176,"Kurmuk",NA,"060302","Woreda","District",""," "
177,74,"ETH","Ethiopia",4,"Benshangul-Gumaz",19,"Asosa",177,"Maokomo Special",NA,"060308","Woreda","District",""," "
178,74,"ETH","Ethiopia",4,"Benshangul-Gumaz",19,"Asosa",178,"Menge",NA,"060301","Woreda","District",""," "
179,74,"ETH","Ethiopia",4,"Benshangul-Gumaz",19,"Asosa",179,"Sherkole",NA,"060304","Woreda","District",""," "
180,74,"ETH","Ethiopia",4,"Benshangul-Gumaz",20,"Kemashi",180,"Agalometi",NA,"060404","Woreda","District",""," "
181,74,"ETH","Ethiopia",4,"Benshangul-Gumaz",20,"Kemashi",181,"Bio Jiganifado",NA,"060405","Woreda","District",""," "
182,74,"ETH","Ethiopia",4,"Benshangul-Gumaz",20,"Kemashi",182,"Kamashi",NA,"060403","Woreda","District",""," "
183,74,"ETH","Ethiopia",4,"Benshangul-Gumaz",20,"Kemashi",183,"Sirba Abay",NA,"060402","Woreda","District",""," "
184,74,"ETH","Ethiopia",4,"Benshangul-Gumaz",20,"Kemashi",184,"Yaso",NA,"060401","Woreda","District",""," "
185,74,"ETH","Ethiopia",4,"Benshangul-Gumaz",21,"Metekel",185,"Bulen",NA,"060207","Woreda","District",""," "
186,74,"ETH","Ethiopia",4,"Benshangul-Gumaz",21,"Metekel",186,"Dangura",NA,"060201","Woreda","District",""," "
187,74,"ETH","Ethiopia",4,"Benshangul-Gumaz",21,"Metekel",187,"Dibat",NA,"060205","Woreda","District",""," "
188,74,"ETH","Ethiopia",4,"Benshangul-Gumaz",21,"Metekel",188,"Guba",NA,"060202","Woreda","District",""," "
189,74,"ETH","Ethiopia",4,"Benshangul-Gumaz",21,"Metekel",189,"Mandura",NA,"060204","Woreda","District",""," "
190,74,"ETH","Ethiopia",4,"Benshangul-Gumaz",21,"Metekel",190,"Pawe Special",NA,"060206","Woreda","District",""," "
191,74,"ETH","Ethiopia",4,"Benshangul-Gumaz",21,"Metekel",191,"Wenbera",NA,"060203","Woreda","District",""," "
192,74,"ETH","Ethiopia",5,"Dire Dawa",22,"Dire Dawa",192,"Dire Dawa/Town",NA,"150101","Woreda","District",""," "
193,74,"ETH","Ethiopia",5,"Dire Dawa",22,"Dire Dawa",193,"Dire Dawa",NA,"150102","Woreda","District",""," "
194,74,"ETH","Ethiopia",6,"Gambela Peoples",23,"Agnuak",194,"Abobo",NA,"120201","Woreda","District",""," "
195,74,"ETH","Ethiopia",6,"Gambela Peoples",23,"Agnuak",195,"Dima",NA,"120205","Woreda","District",""," "
196,74,"ETH","Ethiopia",6,"Gambela Peoples",23,"Agnuak",196,"Gambela Zuria",NA,"120202","Woreda","District",""," "
197,74,"ETH","Ethiopia",6,"Gambela Peoples",23,"Agnuak",197,"Gambella Wild Life Reserve",NA,"120200","Other","Other",""," "
198,74,"ETH","Ethiopia",6,"Gambela Peoples",23,"Agnuak",198,"Gog",NA,"120203","Woreda","District",""," "
199,74,"ETH","Ethiopia",6,"Gambela Peoples",23,"Agnuak",199,"Itang",NA,"120207","Woreda","District",""," "
200,74,"ETH","Ethiopia",6,"Gambela Peoples",23,"Agnuak",200,"Jore",NA,"120204","Woreda","District",""," "
201,74,"ETH","Ethiopia",6,"Gambela Peoples",24,"Majang",201,"Godere",NA,"120301","Woreda","District",""," "
202,74,"ETH","Ethiopia",6,"Gambela Peoples",24,"Majang",202,"Mengesh",NA,"120308","Woreda","District",""," "
203,74,"ETH","Ethiopia",6,"Gambela Peoples",25,"Nuer",203,"Akobo",NA,"120101","Woreda","District",""," "
204,74,"ETH","Ethiopia",6,"Gambela Peoples",25,"Nuer",204,"Jikawo",NA,"120103","Woreda","District",""," "
205,74,"ETH","Ethiopia",6,"Gambela Peoples",25,"Nuer",205,"Lare",NA,"120102","Woreda","District",""," "
206,74,"ETH","Ethiopia",6,"Gambela Peoples",25,"Nuer",206,"Wantawo",NA,"120104","Woreda","District",""," "
207,74,"ETH","Ethiopia",7,"Harari People",26,"Hareri",207,"Harar",NA,"130101","Woreda","District",""," "
208,74,"ETH","Ethiopia",8,"Oromia",27,"Arsi",208,"Amigna",NA,"040810","Woreda","District",""," "
209,74,"ETH","Ethiopia",8,"Oromia",27,"Arsi",209,"Aseko",NA,"040802","Woreda","District",""," "
210,74,"ETH","Ethiopia",8,"Oromia",27,"Arsi",210,"Bele Gesgar",NA,"040823","Woreda","District",""," "
211,74,"ETH","Ethiopia",8,"Oromia",27,"Arsi",211,"Chole",NA,"040809","Woreda","District",""," "
212,74,"ETH","Ethiopia",8,"Oromia",27,"Arsi",212,"Degeluna Tijo",NA,"040815","Woreda","District",""," "
213,74,"ETH","Ethiopia",8,"Oromia",27,"Arsi",213,"Diksis",NA,"040822","Woreda","District",""," "
214,74,"ETH","Ethiopia",8,"Oromia",27,"Arsi",214,"Dodota",NA,"040805","Woreda","District",""," "
215,74,"ETH","Ethiopia",8,"Oromia",27,"Arsi",215,"Gololcha Arsi",NA,"040803","Woreda","District",""," "
216,74,"ETH","Ethiopia",8,"Oromia",27,"Arsi",216,"Guna",NA,"040819","Woreda","District",""," "
217,74,"ETH","Ethiopia",8,"Oromia",27,"Arsi",217,"Hitosa",NA,"040807","Woreda","District",""," "
218,74,"ETH","Ethiopia",8,"Oromia",27,"Arsi",218,"Inkolo Wabe",NA,"040824","Woreda","District",""," "
219,74,"ETH","Ethiopia",8,"Oromia",27,"Arsi",219,"Jeju",NA,"040804","Woreda","District",""," "
220,74,"ETH","Ethiopia",8,"Oromia",27,"Arsi",220,"Limu Bilbilo",NA,"040818","Woreda","District",""," "
221,74,"ETH","Ethiopia",8,"Oromia",27,"Arsi",221,"Lude Hitosa",NA,"040821","Woreda","District",""," "
222,74,"ETH","Ethiopia",8,"Oromia",27,"Arsi",222,"Merti",NA,"040801","Woreda","District",""," "
223,74,"ETH","Ethiopia",8,"Oromia",27,"Arsi",223,"Munessa",NA,"040817","Woreda","District",""," "
224,74,"ETH","Ethiopia",8,"Oromia",27,"Arsi",224,"Robe",NA,"040812","Woreda","District",""," "
225,74,"ETH","Ethiopia",8,"Oromia",27,"Arsi",225,"Seru",NA,"040811","Woreda","District",""," "
226,74,"ETH","Ethiopia",8,"Oromia",27,"Arsi",226,"Shirka",NA,"040814","Woreda","District",""," "
227,74,"ETH","Ethiopia",8,"Oromia",27,"Arsi",227,"Sire",NA,"040820","Woreda","District",""," "
228,74,"ETH","Ethiopia",8,"Oromia",27,"Arsi",228,"Sude",NA,"040808","Woreda","District",""," "
229,74,"ETH","Ethiopia",8,"Oromia",27,"Arsi",229,"Tena",NA,"040813","Woreda","District",""," "
230,74,"ETH","Ethiopia",8,"Oromia",27,"Arsi",230,"Tiyo",NA,"040816","Woreda","District",""," "
231,74,"ETH","Ethiopia",8,"Oromia",27,"Arsi",231,"Ziway Dugda",NA,"040806","Woreda","District",""," "
232,74,"ETH","Ethiopia",8,"Oromia",28,"Bale",232,"Agarfa",NA,"041104","Woreda","District",""," "
233,74,"ETH","Ethiopia",8,"Oromia",28,"Bale",233,"Berbere",NA,"041114","Woreda","District",""," "
234,74,"ETH","Ethiopia",8,"Oromia",28,"Bale",234,"Dawe Kachen",NA,"041121","Woreda","District",""," "
235,74,"ETH","Ethiopia",8,"Oromia",28,"Bale",235,"Dinsho",NA,"041122","Woreda","District",""," "
236,74,"ETH","Ethiopia",8,"Oromia",28,"Bale",236,"Gasera",NA,"041106","Woreda","District",""," "
237,74,"ETH","Ethiopia",8,"Oromia",28,"Bale",237,"Ginir",NA,"041108","Woreda","District",""," "
238,74,"ETH","Ethiopia",8,"Oromia",28,"Bale",238,"Goba",NA,"041110","Woreda","District",""," "
239,74,"ETH","Ethiopia",8,"Oromia",28,"Bale",239,"Gololcha Bale",NA,"041105","Woreda","District",""," "
240,74,"ETH","Ethiopia",8,"Oromia",28,"Bale",240,"Goro",NA,"041116","Woreda","District",""," "
241,74,"ETH","Ethiopia",8,"Oromia",28,"Bale",241,"Gura Damole",NA,"041115","Woreda","District",""," "
242,74,"ETH","Ethiopia",8,"Oromia",28,"Bale",242,"Harena Buluk",NA,"041111","Woreda","District",""," "
243,74,"ETH","Ethiopia",8,"Oromia",28,"Bale",243,"Lege Hida",NA,"041107","Woreda","District",""," "
244,74,"ETH","Ethiopia",8,"Oromia",28,"Bale",244,"Meda Welabu",NA,"041113","Woreda","District",""," "
245,74,"ETH","Ethiopia",8,"Oromia",28,"Bale",245,"Mena",NA,"041112","Woreda","District",""," "
246,74,"ETH","Ethiopia",8,"Oromia",28,"Bale",246,"Rayitu",NA,"041117","Woreda","District",""," "
247,74,"ETH","Ethiopia",8,"Oromia",28,"Bale",247,"Seweyna",NA,"041118","Woreda","District",""," "
248,74,"ETH","Ethiopia",8,"Oromia",28,"Bale",248,"Sinana",NA,"041109","Woreda","District",""," "
249,74,"ETH","Ethiopia",8,"Oromia",29,"Borena",249,"Abaya",NA,"041213","Woreda","District",""," "
250,74,"ETH","Ethiopia",8,"Oromia",29,"Borena",250,"Arero",NA,"041208","Woreda","District",""," "
251,74,"ETH","Ethiopia",8,"Oromia",29,"Borena",251,"Bule Hora",NA,"041206","Woreda","District",""," "
252,74,"ETH","Ethiopia",8,"Oromia",29,"Borena",252,"Dehas",NA,"041220","Woreda","District",""," "
253,74,"ETH","Ethiopia",8,"Oromia",29,"Borena",253,"Dillo",NA,"041219","Woreda","District",""," "
254,74,"ETH","Ethiopia",8,"Oromia",29,"Borena",254,"Dire",NA,"041211","Woreda","District",""," "
255,74,"ETH","Ethiopia",8,"Oromia",29,"Borena",255,"Dugda Dawa",NA,"041215","Woreda","District",""," "
256,74,"ETH","Ethiopia",8,"Oromia",29,"Borena",256,"Gelana",NA,"041217","Woreda","District",""," "
257,74,"ETH","Ethiopia",8,"Oromia",29,"Borena",257,"Melka Soda",NA,"041218","Woreda","District",""," "
258,74,"ETH","Ethiopia",8,"Oromia",29,"Borena",258,"Miyo",NA,"041216","Woreda","District",""," "
259,74,"ETH","Ethiopia",8,"Oromia",29,"Borena",259,"Moyale",NA,"041210","Woreda","District",""," "
260,74,"ETH","Ethiopia",8,"Oromia",29,"Borena",260,"Teltele",NA,"041212","Woreda","District",""," "
261,74,"ETH","Ethiopia",8,"Oromia",29,"Borena",261,"Yabelo",NA,"041207","Woreda","District",""," "
262,74,"ETH","Ethiopia",8,"Oromia",30,"Debub Mirab Shewa",262,"Alem Gena",NA,"041306","Woreda","District",""," "
263,74,"ETH","Ethiopia",8,"Oromia",30,"Debub Mirab Shewa",263,"Ameya",NA,"041301","Woreda","District",""," "
264,74,"ETH","Ethiopia",8,"Oromia",30,"Debub Mirab Shewa",264,"Becho",NA,"041309","Woreda","District",""," "
265,74,"ETH","Ethiopia",8,"Oromia",30,"Debub Mirab Shewa",265,"Dawo",NA,"041304","Woreda","District",""," "
266,74,"ETH","Ethiopia",8,"Oromia",30,"Debub Mirab Shewa",266,"Goro",NA,"041312","Woreda","District",""," "
267,74,"ETH","Ethiopia",8,"Oromia",30,"Debub Mirab Shewa",267,"Ilu",NA,"041305","Woreda","District",""," "
268,74,"ETH","Ethiopia",8,"Oromia",30,"Debub Mirab Shewa",268,"Kersana Malima",NA,"041307","Woreda","District",""," "
269,74,"ETH","Ethiopia",8,"Oromia",30,"Debub Mirab Shewa",269,"Kondaltiti",NA,"041313","Woreda","District",""," "
270,74,"ETH","Ethiopia",8,"Oromia",30,"Debub Mirab Shewa",270,"Seden Sodo",NA,"041310","Woreda","District",""," "
271,74,"ETH","Ethiopia",8,"Oromia",30,"Debub Mirab Shewa",271,"Sodo Daci",NA,"041314","Woreda","District",""," "
272,74,"ETH","Ethiopia",8,"Oromia",30,"Debub Mirab Shewa",272,"Tole",NA,"041308","Woreda","District",""," "
273,74,"ETH","Ethiopia",8,"Oromia",30,"Debub Mirab Shewa",273,"Waliso",NA,"041303","Woreda","District",""," "
274,74,"ETH","Ethiopia",8,"Oromia",30,"Debub Mirab Shewa",274,"Wenchi",NA,"041302","Woreda","District",""," "
275,74,"ETH","Ethiopia",8,"Oromia",31,"Guji",275,"Adola",NA,"041403","Woreda","District",""," "
276,74,"ETH","Ethiopia",8,"Oromia",31,"Guji",276,"Afele Kola",NA,"041408","Woreda","District","","Dima"
277,74,"ETH","Ethiopia",8,"Oromia",31,"Guji",277,"Ana Sora",NA,"041411","Woreda","District",""," "
278,74,"ETH","Ethiopia",8,"Oromia",31,"Guji",278,"Bore",NA,"041402","Woreda","District",""," "
279,74,"ETH","Ethiopia",8,"Oromia",31,"Guji",279,"Girja (Harenfema)",NA,"041410","Woreda","District",""," "
280,74,"ETH","Ethiopia",8,"Oromia",31,"Guji",280,"Goro Dola",NA,"041413","Woreda","District",""," "
281,74,"ETH","Ethiopia",8,"Oromia",31,"Guji",281,"Hambela Wamena",NA,"041409","Woreda","District",""," "
282,74,"ETH","Ethiopia",8,"Oromia",31,"Guji",282,"Kercha",NA,"041406","Woreda","District",""," "
283,74,"ETH","Ethiopia",8,"Oromia",31,"Guji",283,"Liben",NA,"041407","Woreda","District",""," "
284,74,"ETH","Ethiopia",8,"Oromia",31,"Guji",284,"Odo Shakiso",NA,"041405","Woreda","District",""," "
285,74,"ETH","Ethiopia",8,"Oromia",31,"Guji",285,"Saba Boru",NA,"041412","Woreda","District",""," "
286,74,"ETH","Ethiopia",8,"Oromia",31,"Guji",286,"Uraga",NA,"041401","Woreda","District",""," "
287,74,"ETH","Ethiopia",8,"Oromia",31,"Guji",287,"Wadera",NA,"041404","Woreda","District",""," "
288,74,"ETH","Ethiopia",8,"Oromia",32,"Horo Guduru",288,"Ababo",NA,"041904","Woreda","District",""," "
289,74,"ETH","Ethiopia",8,"Oromia",32,"Horo Guduru",289,"Abay Chomen",NA,"041905","Woreda","District",""," "
290,74,"ETH","Ethiopia",8,"Oromia",32,"Horo Guduru",290,"Abe Dongoro",NA,"041910","Woreda","District",""," "
291,74,"ETH","Ethiopia",8,"Oromia",32,"Horo Guduru",291,"Amuru",NA,"041909","Woreda","District",""," "
292,74,"ETH","Ethiopia",8,"Oromia",32,"Horo Guduru",292,"Guduru",NA,"041903","Woreda","District",""," "
293,74,"ETH","Ethiopia",8,"Oromia",32,"Horo Guduru",293,"Horo",NA,"041901","Woreda","District",""," "
294,74,"ETH","Ethiopia",8,"Oromia",32,"Horo Guduru",294,"Jarte Jardega",NA,"041908","Woreda","District",""," "
295,74,"ETH","Ethiopia",8,"Oromia",32,"Horo Guduru",295,"Jimma Genete",NA,"041906","Woreda","District",""," "
296,74,"ETH","Ethiopia",8,"Oromia",32,"Horo Guduru",296,"Jimma Rare",NA,"041907","Woreda","District",""," "
297,74,"ETH","Ethiopia",8,"Oromia",33,"Ilubabor",297,"Ale",NA,"040311","Woreda","District",""," "
298,74,"ETH","Ethiopia",8,"Oromia",33,"Ilubabor",298,"Alge Sachi",NA,"040302","Woreda","District",""," "
299,74,"ETH","Ethiopia",8,"Oromia",33,"Ilubabor",299,"Badele Zuria",NA,"040322","Woreda","District",""," "
300,74,"ETH","Ethiopia",8,"Oromia",33,"Ilubabor",300,"Becho",NA,"040314","Woreda","District",""," "
301,74,"ETH","Ethiopia",8,"Oromia",33,"Ilubabor",301,"Bilo Nopha",NA,"040315","Woreda","District",""," "
302,74,"ETH","Ethiopia",8,"Oromia",33,"Ilubabor",302,"Borecha",NA,"040307","Woreda","District",""," "
303,74,"ETH","Ethiopia",8,"Oromia",33,"Ilubabor",303,"Bure",NA,"040312","Woreda","District",""," "
304,74,"ETH","Ethiopia",8,"Oromia",33,"Ilubabor",304,"Chora",NA,"040303","Woreda","District",""," "
305,74,"ETH","Ethiopia",8,"Oromia",33,"Ilubabor",305,"Chwaka",NA,"040323","Woreda","District",""," "
306,74,"ETH","Ethiopia",8,"Oromia",33,"Ilubabor",306,"Dabo Hana",NA,"040305","Woreda","District",""," "
307,74,"ETH","Ethiopia",8,"Oromia",33,"Ilubabor",307,"Darimu",NA,"040301","Woreda","District",""," "
308,74,"ETH","Ethiopia",8,"Oromia",33,"Ilubabor",308,"Dedesa",NA,"040308","Woreda","District",""," "
309,74,"ETH","Ethiopia",8,"Oromia",33,"Ilubabor",309,"Dega",NA,"040304","Woreda","District",""," "
310,74,"ETH","Ethiopia",8,"Oromia",33,"Ilubabor",310,"Didu",NA,"040317","Woreda","District",""," "
311,74,"ETH","Ethiopia",8,"Oromia",33,"Ilubabor",311,"Dorani",NA,"040324","Woreda","District",""," "
312,74,"ETH","Ethiopia",8,"Oromia",33,"Ilubabor",312,"Gechi",NA,"040306","Woreda","District",""," "
313,74,"ETH","Ethiopia",8,"Oromia",33,"Ilubabor",313,"Halu",NA,"040319","Woreda","District","","Huka"
314,74,"ETH","Ethiopia",8,"Oromia",33,"Ilubabor",314,"Hurumu",NA,"040316","Woreda","District",""," "
315,74,"ETH","Ethiopia",8,"Oromia",33,"Ilubabor",315,"Meko",NA,"040318","Woreda","District",""," "
316,74,"ETH","Ethiopia",8,"Oromia",33,"Ilubabor",316,"Metu Zuria",NA,"040310","Woreda","District",""," "
317,74,"ETH","Ethiopia",8,"Oromia",33,"Ilubabor",317,"Sale Nono",NA,"040313","Woreda","District",""," "
318,74,"ETH","Ethiopia",8,"Oromia",33,"Ilubabor",318,"Yayu",NA,"040309","Woreda","District",""," "
319,74,"ETH","Ethiopia",8,"Oromia",34,"Jimma",319,"Chora",NA,"040415","Woreda","District",""," "
320,74,"ETH","Ethiopia",8,"Oromia",34,"Jimma",320,"Dedo",NA,"040410","Woreda","District",""," "
321,74,"ETH","Ethiopia",8,"Oromia",34,"Jimma",321,"Gera",NA,"040408","Woreda","District",""," "
322,74,"ETH","Ethiopia",8,"Oromia",34,"Jimma",322,"Goma",NA,"040407","Woreda","District",""," "
323,74,"ETH","Ethiopia",8,"Oromia",34,"Jimma",323,"Gumay",NA,"040416","Woreda","District",""," "
324,74,"ETH","Ethiopia",8,"Oromia",34,"Jimma",324,"Kersa",NA,"040405","Woreda","District",""," "
325,74,"ETH","Ethiopia",8,"Oromia",34,"Jimma",325,"Limu Kosa",NA,"040402","Woreda","District",""," "
326,74,"ETH","Ethiopia",8,"Oromia",34,"Jimma",326,"Limu Seka",NA,"040401","Woreda","District",""," "
327,74,"ETH","Ethiopia",8,"Oromia",34,"Jimma",327,"Mena",NA,"040406","Woreda","District",""," "
328,74,"ETH","Ethiopia",8,"Oromia",34,"Jimma",328,"Omo Nada",NA,"040411","Woreda","District",""," "
329,74,"ETH","Ethiopia",8,"Oromia",34,"Jimma",329,"Seka Chekorsa",NA,"040409","Woreda","District",""," "
330,74,"ETH","Ethiopia",8,"Oromia",34,"Jimma",330,"Sekoru",NA,"040403","Woreda","District",""," "
331,74,"ETH","Ethiopia",8,"Oromia",34,"Jimma",331,"Setema",NA,"040413","Woreda","District",""," "
332,74,"ETH","Ethiopia",8,"Oromia",34,"Jimma",332,"Shebe Sambo",NA,"040414","Woreda","District",""," "
333,74,"ETH","Ethiopia",8,"Oromia",34,"Jimma",333,"Sigmo",NA,"040412","Woreda","District",""," "
334,74,"ETH","Ethiopia",8,"Oromia",34,"Jimma",334,"Tiro Afeta",NA,"040404","Woreda","District",""," "
335,74,"ETH","Ethiopia",8,"Oromia",35,"Kelem Wellega",335,"Anfilo",NA,"041807","Woreda","District",""," "
336,74,"ETH","Ethiopia",8,"Oromia",35,"Kelem Wellega",336,"Dale Sadi",NA,"041808","Woreda","District",""," "
337,74,"ETH","Ethiopia",8,"Oromia",35,"Kelem Wellega",337,"Dale Wabera",NA,"041803","Woreda","District",""," "
338,74,"ETH","Ethiopia",8,"Oromia",35,"Kelem Wellega",338,"Gawo Kebe",NA,"041804","Woreda","District",""," "
339,74,"ETH","Ethiopia",8,"Oromia",35,"Kelem Wellega",339,"Gidami",NA,"041809","Woreda","District",""," "
340,74,"ETH","Ethiopia",8,"Oromia",35,"Kelem Wellega",340,"Hawa Galan",NA,"041801","Woreda","District",""," "
341,74,"ETH","Ethiopia",8,"Oromia",35,"Kelem Wellega",341,"Jimma Horo",NA,"041810","Woreda","District",""," "
342,74,"ETH","Ethiopia",8,"Oromia",35,"Kelem Wellega",342,"Lalo Kile",NA,"041811","Woreda","District",""," "
343,74,"ETH","Ethiopia",8,"Oromia",35,"Kelem Wellega",343,"Sayo",NA,"041805","Woreda","District",""," "
344,74,"ETH","Ethiopia",8,"Oromia",35,"Kelem Wellega",344,"Yama Logi Welel",NA,"041802","Woreda","District",""," "
345,74,"ETH","Ethiopia",8,"Oromia",36,"Mirab Arsi",345,"Adaba",NA,"041710","Woreda","District",""," "
346,74,"ETH","Ethiopia",8,"Oromia",36,"Mirab Arsi",346,"Arsi Negele",NA,"041703","Woreda","District",""," "
347,74,"ETH","Ethiopia",8,"Oromia",36,"Mirab Arsi",347,"Dodola",NA,"041707","Woreda","District",""," "
348,74,"ETH","Ethiopia",8,"Oromia",36,"Mirab Arsi",348,"Gedeb Asasa",NA,"041706","Woreda","District",""," "
349,74,"ETH","Ethiopia",8,"Oromia",36,"Mirab Arsi",349,"Kofele",NA,"041704","Woreda","District",""," "
350,74,"ETH","Ethiopia",8,"Oromia",36,"Mirab Arsi",350,"Kokosa",NA,"041708","Woreda","District",""," "
351,74,"ETH","Ethiopia",8,"Oromia",36,"Mirab Arsi",351,"Kore",NA,"041705","Woreda","District",""," "
352,74,"ETH","Ethiopia",8,"Oromia",36,"Mirab Arsi",352,"Nenesebo",NA,"041709","Woreda","District","","Wereka"
353,74,"ETH","Ethiopia",8,"Oromia",36,"Mirab Arsi",353,"Shalla",NA,"041702","Woreda","District",""," "
354,74,"ETH","Ethiopia",8,"Oromia",36,"Mirab Arsi",354,"Shashemene Zuria",NA,"041712","Woreda","District",""," "
355,74,"ETH","Ethiopia",8,"Oromia",36,"Mirab Arsi",355,"Siraro",NA,"041701","Woreda","District",""," "
356,74,"ETH","Ethiopia",8,"Oromia",37,"Mirab Hararghe",356,"Anchar",NA,"040906","Woreda","District",""," "
357,74,"ETH","Ethiopia",8,"Oromia",37,"Mirab Hararghe",357,"Boke",NA,"040910","Woreda","District",""," "
358,74,"ETH","Ethiopia",8,"Oromia",37,"Mirab Hararghe",358,"Chiro Zuria",NA,"040913","Woreda","District",""," "
359,74,"ETH","Ethiopia",8,"Oromia",37,"Mirab Hararghe",359,"Daro Lebu",NA,"040909","Woreda","District",""," "
360,74,"ETH","Ethiopia",8,"Oromia",37,"Mirab Hararghe",360,"Doba",NA,"040902","Woreda","District",""," "
361,74,"ETH","Ethiopia",8,"Oromia",37,"Mirab Hararghe",361,"Gemechis",NA,"040912","Woreda","District",""," "
362,74,"ETH","Ethiopia",8,"Oromia",37,"Mirab Hararghe",362,"Goba Koricha",NA,"040907","Woreda","District",""," "
363,74,"ETH","Ethiopia",8,"Oromia",37,"Mirab Hararghe",363,"Habro",NA,"040908","Woreda","District",""," "
364,74,"ETH","Ethiopia",8,"Oromia",37,"Mirab Hararghe",364,"Hawi Gudina
",NA,"040915","Woreda","District",""," "
365,74,"ETH","Ethiopia",8,"Oromia",37,"Mirab Hararghe",365,"Kuni",NA,"040911","Woreda","District",""," "
366,74,"ETH","Ethiopia",8,"Oromia",37,"Mirab Hararghe",366,"Mesela",NA,"040904","Woreda","District",""," "
367,74,"ETH","Ethiopia",8,"Oromia",37,"Mirab Hararghe",367,"Mieso",NA,"040901","Woreda","District",""," "
368,74,"ETH","Ethiopia",8,"Oromia",37,"Mirab Hararghe",368,"Tulo",NA,"040903","Woreda","District",""," "
369,74,"ETH","Ethiopia",8,"Oromia",38,"Mirab Shewa",369,"Abuna G/Beret",NA,"040516","Woreda","District",""," "
370,74,"ETH","Ethiopia",8,"Oromia",38,"Mirab Shewa",370,"Adda Berga",NA,"040513","Woreda","District",""," "
371,74,"ETH","Ethiopia",8,"Oromia",38,"Mirab Shewa",371,"Ambo Zuria",NA,"040503","Woreda","District",""," "
372,74,"ETH","Ethiopia",8,"Oromia",38,"Mirab Shewa",372,"Bako Tibe",NA,"040506","Woreda","District",""," "
373,74,"ETH","Ethiopia",8,"Oromia",38,"Mirab Shewa",373,"Cheliya",NA,"040505","Woreda","District",""," "
374,74,"ETH","Ethiopia",8,"Oromia",38,"Mirab Shewa",374,"Dano",NA,"040507","Woreda","District",""," "
375,74,"ETH","Ethiopia",8,"Oromia",38,"Mirab Shewa",375,"Dendi",NA,"040510","Woreda","District",""," "
376,74,"ETH","Ethiopia",8,"Oromia",38,"Mirab Shewa",376,"Ejere",NA,"040511","Woreda","District","","Addis Alem"
377,74,"ETH","Ethiopia",8,"Oromia",38,"Mirab Shewa",377,"Ginde Beret",NA,"040501","Woreda","District",""," "
378,74,"ETH","Ethiopia",8,"Oromia",38,"Mirab Shewa",378,"Ifata",NA,"040519","Woreda","District",""," "
379,74,"ETH","Ethiopia",8,"Oromia",38,"Mirab Shewa",379,"Jeldu",NA,"040502","Woreda","District",""," "
380,74,"ETH","Ethiopia",8,"Oromia",38,"Mirab Shewa",380,"Jibat",NA,"040518","Woreda","District",""," "
381,74,"ETH","Ethiopia",8,"Oromia",38,"Mirab Shewa",381,"Meta Robi",NA,"040514","Woreda","District",""," "
382,74,"ETH","Ethiopia",8,"Oromia",38,"Mirab Shewa",382,"Mida Kegn",NA,"040504","Woreda","District",""," "
383,74,"ETH","Ethiopia",8,"Oromia",38,"Mirab Shewa",383,"Nono",NA,"040508","Woreda","District",""," "
384,74,"ETH","Ethiopia",8,"Oromia",38,"Mirab Shewa",384,"Tikur Enchini",NA,"040509","Woreda","District",""," "
385,74,"ETH","Ethiopia",8,"Oromia",38,"Mirab Shewa",385,"Toke Kutaye",NA,"040517","Woreda","District",""," "
386,74,"ETH","Ethiopia",8,"Oromia",38,"Mirab Shewa",386,"Walmara",NA,"040512","Woreda","District",""," "
387,74,"ETH","Ethiopia",8,"Oromia",39,"Mirab Welega",387,"Ayira",NA,"040107","Woreda","District",""," "
388,74,"ETH","Ethiopia",8,"Oromia",39,"Mirab Welega",388,"Babo",NA,"040111","Woreda","District",""," "
389,74,"ETH","Ethiopia",8,"Oromia",39,"Mirab Welega",389,"Begi",NA,"040116","Woreda","District",""," "
390,74,"ETH","Ethiopia",8,"Oromia",39,"Mirab Welega",390,"Boji Chekorsa",NA,"040110","Woreda","District",""," "
391,74,"ETH","Ethiopia",8,"Oromia",39,"Mirab Welega",391,"Boji Dirmeji",NA,"040106","Woreda","District",""," "
392,74,"ETH","Ethiopia",8,"Oromia",39,"Mirab Welega",392,"Gaji",NA,"040113","Woreda","District",""," "
393,74,"ETH","Ethiopia",8,"Oromia",39,"Mirab Welega",393,"Gimbi",NA,"040103","Woreda","District",""," "
394,74,"ETH","Ethiopia",8,"Oromia",39,"Mirab Welega",394,"Gudetu Kondole",NA,"040109","Woreda","District",""," "
395,74,"ETH","Ethiopia",8,"Oromia",39,"Mirab Welega",395,"Guliso",NA,"040119","Woreda","District",""," "
396,74,"ETH","Ethiopia",8,"Oromia",39,"Mirab Welega",396,"Haru",NA,"040114","Woreda","District",""," "
397,74,"ETH","Ethiopia",8,"Oromia",39,"Mirab Welega",397,"Homa",NA,"040117","Woreda","District",""," "
398,74,"ETH","Ethiopia",8,"Oromia",39,"Mirab Welega",398,"Jarso",NA,"040108","Woreda","District",""," "
399,74,"ETH","Ethiopia",8,"Oromia",39,"Mirab Welega",399,"Kiltu Kara",NA,"040105","Woreda","District",""," "
400,74,"ETH","Ethiopia",8,"Oromia",39,"Mirab Welega",400,"Lalo Asabi",NA,"040104","Woreda","District",""," "
401,74,"ETH","Ethiopia",8,"Oromia",39,"Mirab Welega",401,"Mana Sibu",NA,"040101","Woreda","District",""," "
402,74,"ETH","Ethiopia",8,"Oromia",39,"Mirab Welega",402,"Nejo",NA,"040102","Woreda","District",""," "
403,74,"ETH","Ethiopia",8,"Oromia",39,"Mirab Welega",403,"Nole Kaba",NA,"040115","Woreda","District",""," "
404,74,"ETH","Ethiopia",8,"Oromia",39,"Mirab Welega",404,"Sayo Nole",NA,"040118","Woreda","District",""," "
405,74,"ETH","Ethiopia",8,"Oromia",39,"Mirab Welega",405,"Yubdo",NA,"040112","Woreda","District",""," "
406,74,"ETH","Ethiopia",8,"Oromia",40,"Misraq Harerge",406,"Babile",NA,"041004","Woreda","District",""," "
407,74,"ETH","Ethiopia",8,"Oromia",40,"Misraq Harerge",407,"Bedeno",NA,"041013","Woreda","District",""," "
408,74,"ETH","Ethiopia",8,"Oromia",40,"Misraq Harerge",408,"Chinaksen",NA,"041015","Woreda","District",""," "
409,74,"ETH","Ethiopia",8,"Oromia",40,"Misraq Harerge",409,"Deder",NA,"041011","Woreda","District",""," "
410,74,"ETH","Ethiopia",8,"Oromia",40,"Misraq Harerge",410,"Fedis",NA,"041005","Woreda","District",""," "
411,74,"ETH","Ethiopia",8,"Oromia",40,"Misraq Harerge",411,"Girawa",NA,"041016","Woreda","District",""," "
412,74,"ETH","Ethiopia",8,"Oromia",40,"Misraq Harerge",412,"Golo Oda",NA,"041017","Woreda","District",""," "
413,74,"ETH","Ethiopia",8,"Oromia",40,"Misraq Harerge",413,"Goro Gutu",NA,"041010","Woreda","District",""," "
414,74,"ETH","Ethiopia",8,"Oromia",40,"Misraq Harerge",414,"Gursum",NA,"041003","Woreda","District",""," "
415,74,"ETH","Ethiopia",8,"Oromia",40,"Misraq Harerge",415,"Haro Maya",NA,"041006","Woreda","District",""," "
416,74,"ETH","Ethiopia",8,"Oromia",40,"Misraq Harerge",416,"Jarso",NA,"041002","Woreda","District",""," "
417,74,"ETH","Ethiopia",8,"Oromia",40,"Misraq Harerge",417,"Kersa",NA,"041008","Woreda","District",""," "
418,74,"ETH","Ethiopia",8,"Oromia",40,"Misraq Harerge",418,"Kombolcha",NA,"041001","Woreda","District",""," "
419,74,"ETH","Ethiopia",8,"Oromia",40,"Misraq Harerge",419,"Kurfa Chele",NA,"041007","Woreda","District",""," "
420,74,"ETH","Ethiopia",8,"Oromia",40,"Misraq Harerge",420,"Malka Balo",NA,"041012","Woreda","District",""," "
421,74,"ETH","Ethiopia",8,"Oromia",40,"Misraq Harerge",421,"Meta",NA,"041009","Woreda","District",""," "
422,74,"ETH","Ethiopia",8,"Oromia",40,"Misraq Harerge",422,"Meyu",NA,"041018","Woreda","District",""," "
423,74,"ETH","Ethiopia",8,"Oromia",40,"Misraq Harerge",423,"Midega Tola",NA,"041014","Woreda","District",""," "
424,74,"ETH","Ethiopia",8,"Oromia",41,"Misraq Shewa",424,"Ada'a",NA,"040706","Woreda","District",""," "
425,74,"ETH","Ethiopia",8,"Oromia",41,"Misraq Shewa",425,"Adama",NA,"040703","Woreda","District",""," "
426,74,"ETH","Ethiopia",8,"Oromia",41,"Misraq Shewa",426,"Adami Tulu Jido Kombolcha",NA,"040708","Woreda","District",""," "
427,74,"ETH","Ethiopia",8,"Oromia",41,"Misraq Shewa",427,"Akaki",NA,"040712","Woreda","District",""," "
428,74,"ETH","Ethiopia",8,"Oromia",41,"Misraq Shewa",428,"Bora",NA,"040710","Woreda","District",""," "
429,74,"ETH","Ethiopia",8,"Oromia",41,"Misraq Shewa",429,"Boset",NA,"040702","Woreda","District",""," "
430,74,"ETH","Ethiopia",8,"Oromia",41,"Misraq Shewa",430,"Dugda",NA,"040707","Woreda","District",""," "
431,74,"ETH","Ethiopia",8,"Oromia",41,"Misraq Shewa",431,"Fentale",NA,"040701","Woreda","District",""," "
432,74,"ETH","Ethiopia",8,"Oromia",41,"Misraq Shewa",432,"Gimbichu",NA,"040705","Woreda","District",""," "
433,74,"ETH","Ethiopia",8,"Oromia",41,"Misraq Shewa",433,"Liben Chukala",NA,"040711","Woreda","District",""," "
434,74,"ETH","Ethiopia",8,"Oromia",41,"Misraq Shewa",434,"Lome",NA,"040704","Woreda","District",""," "
435,74,"ETH","Ethiopia",8,"Oromia",42,"Misraq Wellega",435,"Bila Seyo",NA,"040207","Woreda","District",""," "
436,74,"ETH","Ethiopia",8,"Oromia",42,"Misraq Wellega",436,"Boneya Boshe",NA,"040205","Woreda","District",""," "
437,74,"ETH","Ethiopia",8,"Oromia",42,"Misraq Wellega",437,"Diga",NA,"040210","Woreda","District",""," "
438,74,"ETH","Ethiopia",8,"Oromia",42,"Misraq Wellega",438,"Gida Ayana",NA,"040203","Woreda","District",""," "
439,74,"ETH","Ethiopia",8,"Oromia",42,"Misraq Wellega",439,"Gobu Seyo",NA,"040208","Woreda","District",""," "
440,74,"ETH","Ethiopia",8,"Oromia",42,"Misraq Wellega",440,"Guto Gida",NA,"040213","Woreda","District",""," "
441,74,"ETH","Ethiopia",8,"Oromia",42,"Misraq Wellega",441,"Haro Limu",NA,"040204","Woreda","District",""," "
442,74,"ETH","Ethiopia",8,"Oromia",42,"Misraq Wellega",442,"Ibantu",NA,"040202","Woreda","District",""," "
443,74,"ETH","Ethiopia",8,"Oromia",42,"Misraq Wellega",443,"Jimma Arjo",NA,"040214","Woreda","District",""," "
444,74,"ETH","Ethiopia",8,"Oromia",42,"Misraq Wellega",444,"Kiremu",NA,"040217","Woreda","District",""," "
445,74,"ETH","Ethiopia",8,"Oromia",42,"Misraq Wellega",445,"Leka Dulecha",NA,"040212","Woreda","District",""," "
446,74,"ETH","Ethiopia",8,"Oromia",42,"Misraq Wellega",446,"Limu",NA,"040201","Woreda","District",""," "
447,74,"ETH","Ethiopia",8,"Oromia",42,"Misraq Wellega",447,"Nunu Kumba",NA,"040215","Woreda","District",""," "
448,74,"ETH","Ethiopia",8,"Oromia",42,"Misraq Wellega",448,"Sasiga",NA,"040211","Woreda","District",""," "
449,74,"ETH","Ethiopia",8,"Oromia",42,"Misraq Wellega",449,"Sibu Sire",NA,"040209","Woreda","District",""," "
450,74,"ETH","Ethiopia",8,"Oromia",42,"Misraq Wellega",450,"Wama Hagalo",NA,"040216","Woreda","District",""," "
451,74,"ETH","Ethiopia",8,"Oromia",42,"Misraq Wellega",451,"Wayu Tuka",NA,"040206","Woreda","District",""," "
452,74,"ETH","Ethiopia",8,"Oromia",43,"North Shewa",452,"Abichuna Gne'a",NA,"040609","Woreda","District",""," "
453,74,"ETH","Ethiopia",8,"Oromia",43,"North Shewa",453,"Aleltu",NA,"040617","Woreda","District",""," "
454,74,"ETH","Ethiopia",8,"Oromia",43,"North Shewa",454,"Bereh",NA,"040611","Woreda","District",""," "
455,74,"ETH","Ethiopia",8,"Oromia",43,"North Shewa",455,"Debre Libanos",NA,"040607","Woreda","District",""," "
456,74,"ETH","Ethiopia",8,"Oromia",43,"North Shewa",456,"Degem",NA,"040605","Woreda","District",""," "
457,74,"ETH","Ethiopia",8,"Oromia",43,"North Shewa",457,"Dera",NA,"040602","Woreda","District",""," "
458,74,"ETH","Ethiopia",8,"Oromia",43,"North Shewa",458,"Gerar Jarso",NA,"040606","Woreda","District",""," "
459,74,"ETH","Ethiopia",8,"Oromia",43,"North Shewa",459,"Hidabu Abote",NA,"040603","Woreda","District",""," "
460,74,"ETH","Ethiopia",8,"Oromia",43,"North Shewa",460,"Jida",NA,"040615","Woreda","District",""," "
461,74,"ETH","Ethiopia",8,"Oromia",43,"North Shewa",461,"Kembibit",NA,"040610","Woreda","District",""," "
462,74,"ETH","Ethiopia",8,"Oromia",43,"North Shewa",462,"Kuyu",NA,"040604","Woreda","District",""," "
463,74,"ETH","Ethiopia",8,"Oromia",43,"North Shewa",463,"Mulo",NA,"040616","Woreda","District",""," "
464,74,"ETH","Ethiopia",8,"Oromia",43,"North Shewa",464,"Sululta",NA,"040612","Woreda","District",""," "
465,74,"ETH","Ethiopia",8,"Oromia",43,"North Shewa",465,"Wara Jarso",NA,"040601","Woreda","District",""," "
466,74,"ETH","Ethiopia",8,"Oromia",43,"North Shewa",466,"Wuchale",NA,"040608","Woreda","District",""," "
467,74,"ETH","Ethiopia",8,"Oromia",43,"North Shewa",467,"Yaya Gulele",NA,"040614","Woreda","District",""," "
468,74,"ETH","Ethiopia",9,"Somali",44,"Afder",468,"Afder",NA,"050806","Woreda","District",""," "
469,74,"ETH","Ethiopia",9,"Somali",44,"Afder",469,"Bare",NA,"050807","Woreda","District",""," "
470,74,"ETH","Ethiopia",9,"Somali",44,"Afder",470,"Chereti/Weyib",NA,"050802","Woreda","District",""," "
471,74,"ETH","Ethiopia",9,"Somali",44,"Afder",471,"Dolobay",NA,"050808","Woreda","District",""," "
472,74,"ETH","Ethiopia",9,"Somali",44,"Afder",472,"Goro Baqaqsa",NA,"050803","Woreda","District",""," "
473,74,"ETH","Ethiopia",9,"Somali",44,"Afder",473,"Guradamole",NA,"050801","Woreda","District",""," "
474,74,"ETH","Ethiopia",9,"Somali",44,"Afder",474,"Hargele",NA,"0508061","Woreda","District",""," "
475,74,"ETH","Ethiopia",9,"Somali",44,"Afder",475,"Serer/Elkere",NA,"050804","Woreda","District",""," "
476,74,"ETH","Ethiopia",9,"Somali",44,"Afder",476,"West Imi",NA,"050805","Woreda","District",""," "
477,74,"ETH","Ethiopia",9,"Somali",45,"Doolo",477,"Boh",NA,"050702","Woreda","District",""," "
478,74,"ETH","Ethiopia",9,"Somali",45,"Doolo",478,"Danot",NA,"050701","Woreda","District",""," "
479,74,"ETH","Ethiopia",9,"Somali",45,"Doolo",479,"Geladin",NA,"050703","Woreda","District",""," "
480,74,"ETH","Ethiopia",9,"Somali",45,"Doolo",480,"Warder",NA,"050704","Woreda","District",""," "
481,74,"ETH","Ethiopia",9,"Somali",46,"Fafan",481,"Aw-bare",NA,"050205","Woreda","District",""," "
482,74,"ETH","Ethiopia",9,"Somali",46,"Fafan",482,"Babile",NA,"050201","Woreda","District",""," "
483,74,"ETH","Ethiopia",9,"Somali",46,"Fafan",483,"Gursum",NA,"050202","Woreda","District",""," "
484,74,"ETH","Ethiopia",9,"Somali",46,"Fafan",484,"Hareshen",NA,"050207","Woreda","District",""," "
485,74,"ETH","Ethiopia",9,"Somali",46,"Fafan",485,"Jijiga",NA,"050204","Woreda","District",""," "
486,74,"ETH","Ethiopia",9,"Somali",46,"Fafan",486,"Kebribeyah",NA,"050206","Woreda","District",""," "
487,74,"ETH","Ethiopia",9,"Somali",47,"Jarar",487,"Aware",NA,"050303","Woreda","District",""," "
488,74,"ETH","Ethiopia",9,"Somali",47,"Jarar",488,"Degehabur",NA,"050302","Woreda","District",""," "
489,74,"ETH","Ethiopia",9,"Somali",47,"Jarar",489,"Degehamedo",NA,"050301","Woreda","District",""," "
490,74,"ETH","Ethiopia",9,"Somali",47,"Jarar",490,"Gashamo",NA,"050304","Woreda","District",""," "
491,74,"ETH","Ethiopia",9,"Somali",47,"Jarar",491,"Gunagado",NA,"050305","Woreda","District",""," "
492,74,"ETH","Ethiopia",9,"Somali",48,"Korahe",492,"Debeweyin",NA,"050504","Woreda","District",""," "
493,74,"ETH","Ethiopia",9,"Somali",48,"Korahe",493,"Kebridehar",NA,"050502","Woreda","District",""," "
494,74,"ETH","Ethiopia",9,"Somali",48,"Korahe",494,"Shekosh",NA,"050501","Woreda","District",""," "
495,74,"ETH","Ethiopia",9,"Somali",48,"Korahe",495,"Shilabo",NA,"050503","Woreda","District",""," "
496,74,"ETH","Ethiopia",9,"Somali",49,"Liben",496,"Dolo Odo",NA,"050902","Woreda","District",""," "
497,74,"ETH","Ethiopia",9,"Somali",49,"Liben",497,"Filtu",NA,"050901","Woreda","District",""," "
498,74,"ETH","Ethiopia",9,"Somali",49,"Liben",498,"Hudet",NA,"050904","Woreda","District",""," "
499,74,"ETH","Ethiopia",9,"Somali",49,"Liben",499,"Moyale",NA,"050903","Woreda","District",""," "
500,74,"ETH","Ethiopia",9,"Somali",50,"Nogob",500,"Dihun",NA,"050406","Woreda","District",""," "
501,74,"ETH","Ethiopia",9,"Somali",50,"Nogob",501,"Fik",NA,"050402","Woreda","District",""," "
502,74,"ETH","Ethiopia",9,"Somali",50,"Nogob",502,"Gerbo",NA,"050403","Woreda","District",""," "
503,74,"ETH","Ethiopia",9,"Somali",50,"Nogob",503,"Hamero",NA,"050404","Woreda","District",""," "
504,74,"ETH","Ethiopia",9,"Somali",50,"Nogob",504,"Lagahida",NA,"050407","Woreda","District",""," "
505,74,"ETH","Ethiopia",9,"Somali",50,"Nogob",505,"Meyumuluka",NA,"050408","Woreda","District",""," "
506,74,"ETH","Ethiopia",9,"Somali",50,"Nogob",506,"Segeg",NA,"050405","Woreda","District",""," "
507,74,"ETH","Ethiopia",9,"Somali",50,"Nogob",507,"Selahad",NA,"050401","Woreda","District",""," "
508,74,"ETH","Ethiopia",9,"Somali",51,"Shabelle",508,"Adadle",NA,"050602","Woreda","District",""," "
509,74,"ETH","Ethiopia",9,"Somali",51,"Shabelle",509,"Denan",NA,"050603","Woreda","District",""," "
510,74,"ETH","Ethiopia",9,"Somali",51,"Shabelle",510,"East Imi",NA,"050601","Woreda","District",""," "
511,74,"ETH","Ethiopia",9,"Somali",51,"Shabelle",511,"Ferfer",NA,"050607","Woreda","District",""," "
512,74,"ETH","Ethiopia",9,"Somali",51,"Shabelle",512,"Gode",NA,"050604","Woreda","District",""," "
513,74,"ETH","Ethiopia",9,"Somali",51,"Shabelle",513,"Kelafo",NA,"050605","Woreda","District",""," "
514,74,"ETH","Ethiopia",9,"Somali",51,"Shabelle",514,"Mustahil",NA,"050606","Woreda","District",""," "
515,74,"ETH","Ethiopia",9,"Somali",52,"Siti",515,"Afdem",NA,"050106","Woreda","District",""," "
516,74,"ETH","Ethiopia",9,"Somali",52,"Siti",516,"Ayisha",NA,"050101","Woreda","District",""," "
517,74,"ETH","Ethiopia",9,"Somali",52,"Siti",517,"Dembel",NA,"050102","Woreda","District",""," "
518,74,"ETH","Ethiopia",9,"Somali",52,"Siti",518,"Erer",NA,"050104","Woreda","District",""," "
519,74,"ETH","Ethiopia",9,"Somali",52,"Siti",519,"Miesso",NA,"050107","Woreda","District",""," "
520,74,"ETH","Ethiopia",9,"Somali",52,"Siti",520,"Shinile",NA,"050103","Woreda","District",""," "
521,74,"ETH","Ethiopia",10,"Southern Nations, Nationalities and Peoples",53,"Alaba",521,"Alaba",NA,"072101","Special Woreda","District",""," "
522,74,"ETH","Ethiopia",10,"Southern Nations, Nationalities and Peoples",54,"Alle",522,"Alle",NA,"071301","Special Woreda","District",""," "
523,74,"ETH","Ethiopia",10,"Southern Nations, Nationalities and Peoples",55,"Amaro",523,"Amaro",NA,"071302","Special Woreda","District",""," "
524,74,"ETH","Ethiopia",10,"Southern Nations, Nationalities and Peoples",56,"Basketo",524,"Basketo",NA,"071801","Special Woreda","District",""," "
525,74,"ETH","Ethiopia",10,"Southern Nations, Nationalities and Peoples",57,"Bench Maji",525,"Bero",NA,"071108","Woreda","District",""," "
526,74,"ETH","Ethiopia",10,"Southern Nations, Nationalities and Peoples",57,"Bench Maji",526,"Debub Bench",NA,"071103","Woreda","District",""," "
527,74,"ETH","Ethiopia",10,"Southern Nations, Nationalities and Peoples",57,"Bench Maji",527,"Gurafereda",NA,"071102","Woreda","District",""," "
528,74,"ETH","Ethiopia",10,"Southern Nations, Nationalities and Peoples",57,"Bench Maji",528,"Maji",NA,"071107","Woreda","District",""," "
529,74,"ETH","Ethiopia",10,"Southern Nations, Nationalities and Peoples",57,"Bench Maji",529,"Menit Goldiye",NA,"071105","Woreda","District",""," "
530,74,"ETH","Ethiopia",10,"Southern Nations, Nationalities and Peoples",57,"Bench Maji",530,"Menit Shasha",NA,"071106","Woreda","District",""," "
531,74,"ETH","Ethiopia",10,"Southern Nations, Nationalities and Peoples",57,"Bench Maji",531,"Semen Bench",NA,"071110","Woreda","District",""," "
532,74,"ETH","Ethiopia",10,"Southern Nations, Nationalities and Peoples",57,"Bench Maji",532,"Shay Bench",NA,"071104","Woreda","District",""," "
533,74,"ETH","Ethiopia",10,"Southern Nations, Nationalities and Peoples",57,"Bench Maji",533,"Sheka",NA,"071101","Woreda","District",""," "
534,74,"ETH","Ethiopia",10,"Southern Nations, Nationalities and Peoples",57,"Bench Maji",534,"Surma",NA,"071109","Woreda","District",""," "
535,74,"ETH","Ethiopia",10,"Southern Nations, Nationalities and Peoples",58,"Burji",535,"Burji",NA,"071303","Special Woreda","District",""," "
536,74,"ETH","Ethiopia",10,"Southern Nations, Nationalities and Peoples",59,"Dawro",536,"Esira",NA,"071705","Woreda","District",""," "
537,74,"ETH","Ethiopia",10,"Southern Nations, Nationalities and Peoples",59,"Dawro",537,"Gena Bosa",NA,"071704","Woreda","District",""," "
538,74,"ETH","Ethiopia",10,"Southern Nations, Nationalities and Peoples",59,"Dawro",538,"Loma Bosa",NA,"071703","Woreda","District",""," "
539,74,"ETH","Ethiopia",10,"Southern Nations, Nationalities and Peoples",59,"Dawro",539,"Mareka",NA,"071702","Woreda","District",""," "
540,74,"ETH","Ethiopia",10,"Southern Nations, Nationalities and Peoples",59,"Dawro",540,"Tocha",NA,"071701","Woreda","District",""," "
541,74,"ETH","Ethiopia",10,"Southern Nations, Nationalities and Peoples",60,"Debub Omo",541,"Bako Gazer",NA,"070702","Woreda","District","","South Ari"
542,74,"ETH","Ethiopia",10,"Southern Nations, Nationalities and Peoples",60,"Debub Omo",542,"Bena Tsemay",NA,"070705","Woreda","District",""," "
543,74,"ETH","Ethiopia",10,"Southern Nations, Nationalities and Peoples",60,"Debub Omo",543,"Dasenech (Kuraz)",NA,"070706","Woreda","District",""," "
544,74,"ETH","Ethiopia",10,"Southern Nations, Nationalities and Peoples",60,"Debub Omo",544,"Gelila",NA,"070703","Woreda","District",""," "
545,74,"ETH","Ethiopia",10,"Southern Nations, Nationalities and Peoples",60,"Debub Omo",545,"Gnangatom",NA,"070708","Woreda","District",""," "
546,74,"ETH","Ethiopia",10,"Southern Nations, Nationalities and Peoples",60,"Debub Omo",546,"Hamer",NA,"070704","Woreda","District",""," "
547,74,"ETH","Ethiopia",10,"Southern Nations, Nationalities and Peoples",60,"Debub Omo",547,"Male",NA,"070707","Woreda","District",""," "
548,74,"ETH","Ethiopia",10,"Southern Nations, Nationalities and Peoples",60,"Debub Omo",548,"Selamgo",NA,"070701","Woreda","District",""," "
549,74,"ETH","Ethiopia",10,"Southern Nations, Nationalities and Peoples",61,"Derashe",549,"Derashe",NA,"071304","Special Woreda","District",""," "
550,74,"ETH","Ethiopia",10,"Southern Nations, Nationalities and Peoples",62,"Gamo Gofa",550,"Arba Minch Zuria",NA,"071016","Woreda","District",""," "
551,74,"ETH","Ethiopia",10,"Southern Nations, Nationalities and Peoples",62,"Gamo Gofa",551,"Ayida",NA,"071015","Woreda","District",""," "
552,74,"ETH","Ethiopia",10,"Southern Nations, Nationalities and Peoples",62,"Gamo Gofa",552,"Bonke",NA,"071013","Woreda","District",""," "
553,74,"ETH","Ethiopia",10,"Southern Nations, Nationalities and Peoples",62,"Gamo Gofa",553,"Boreda",NA,"071004","Woreda","District",""," "
554,74,"ETH","Ethiopia",10,"Southern Nations, Nationalities and Peoples",62,"Gamo Gofa",554,"Chencha",NA,"071007","Woreda","District",""," "
555,74,"ETH","Ethiopia",10,"Southern Nations, Nationalities and Peoples",62,"Gamo Gofa",555,"Daramalo",NA,"071009","Woreda","District",""," "
556,74,"ETH","Ethiopia",10,"Southern Nations, Nationalities and Peoples",62,"Gamo Gofa",556,"Denibu Gofa",NA,"071002","Woreda","District",""," "
557,74,"ETH","Ethiopia",10,"Southern Nations, Nationalities and Peoples",62,"Gamo Gofa",557,"Dita",NA,"071008","Woreda","District",""," "
558,74,"ETH","Ethiopia",10,"Southern Nations, Nationalities and Peoples",62,"Gamo Gofa",558,"Geze Gofa",NA,"071017","Woreda","District",""," "
559,74,"ETH","Ethiopia",10,"Southern Nations, Nationalities and Peoples",62,"Gamo Gofa",559,"Kemba",NA,"071012","Woreda","District",""," "
560,74,"ETH","Ethiopia",10,"Southern Nations, Nationalities and Peoples",62,"Gamo Gofa",560,"Kucha",NA,"071003","Woreda","District",""," "
561,74,"ETH","Ethiopia",10,"Southern Nations, Nationalities and Peoples",62,"Gamo Gofa",561,"Melekoza",NA,"071001","Woreda","District",""," "
562,74,"ETH","Ethiopia",10,"Southern Nations, Nationalities and Peoples",62,"Gamo Gofa",562,"Mirab Abaya",NA,"071005","Woreda","District",""," "
563,74,"ETH","Ethiopia",10,"Southern Nations, Nationalities and Peoples",62,"Gamo Gofa",563,"Ubadebretsehay",NA,"071011","Woreda","District",""," "
564,74,"ETH","Ethiopia",10,"Southern Nations, Nationalities and Peoples",62,"Gamo Gofa",564,"Zala",NA,"071010","Woreda","District",""," "
565,74,"ETH","Ethiopia",10,"Southern Nations, Nationalities and Peoples",63,"Gedeo",565,"Bule",NA,"070504","Woreda","District",""," "
566,74,"ETH","Ethiopia",10,"Southern Nations, Nationalities and Peoples",63,"Gedeo",566,"Dila Zuria",NA,"070505","Woreda","District",""," "
567,74,"ETH","Ethiopia",10,"Southern Nations, Nationalities and Peoples",63,"Gedeo",567,"Kochere Gedeb",NA,"070506","Woreda","District",""," "
568,74,"ETH","Ethiopia",10,"Southern Nations, Nationalities and Peoples",63,"Gedeo",568,"Kochere",NA,"070503","Woreda","District",""," "
569,74,"ETH","Ethiopia",10,"Southern Nations, Nationalities and Peoples",63,"Gedeo",569,"Wenago",NA,"070501","Woreda","District",""," "
570,74,"ETH","Ethiopia",10,"Southern Nations, Nationalities and Peoples",63,"Gedeo",570,"Yirgachefe",NA,"070502","Woreda","District",""," "
571,74,"ETH","Ethiopia",10,"Southern Nations, Nationalities and Peoples",64,"Gurage",571,"Abeshege",NA,"070102","Woreda","District",""," "
572,74,"ETH","Ethiopia",10,"Southern Nations, Nationalities and Peoples",64,"Gurage",572,"Cheha",NA,"070110","Woreda","District",""," "
573,74,"ETH","Ethiopia",10,"Southern Nations, Nationalities and Peoples",64,"Gurage",573,"Endiguagn",NA,"070108","Woreda","District",""," "
574,74,"ETH","Ethiopia",10,"Southern Nations, Nationalities and Peoples",64,"Gurage",574,"Enemorina Eaner",NA,"070111","Woreda","District",""," "
575,74,"ETH","Ethiopia",10,"Southern Nations, Nationalities and Peoples",64,"Gurage",575,"Ezha",NA,"070103","Woreda","District",""," "
576,74,"ETH","Ethiopia",10,"Southern Nations, Nationalities and Peoples",64,"Gurage",576,"Geta",NA,"070113","Woreda","District",""," "
577,74,"ETH","Ethiopia",10,"Southern Nations, Nationalities and Peoples",64,"Gurage",577,"Gumer",NA,"070109","Woreda","District",""," "
578,74,"ETH","Ethiopia",10,"Southern Nations, Nationalities and Peoples",64,"Gurage",578,"Kebena",NA,"070101","Woreda","District",""," "
579,74,"ETH","Ethiopia",10,"Southern Nations, Nationalities and Peoples",64,"Gurage",579,"Kokir Gedbano",NA,"070104","Woreda","District",""," "
580,74,"ETH","Ethiopia",10,"Southern Nations, Nationalities and Peoples",64,"Gurage",580,"Mareko",NA,"070107","Woreda","District",""," "
581,74,"ETH","Ethiopia",10,"Southern Nations, Nationalities and Peoples",64,"Gurage",581,"Meskan",NA,"070106","Woreda","District",""," "
582,74,"ETH","Ethiopia",10,"Southern Nations, Nationalities and Peoples",64,"Gurage",582,"Muhur Na Aklil",NA,"070112","Woreda","District",""," "
583,74,"ETH","Ethiopia",10,"Southern Nations, Nationalities and Peoples",64,"Gurage",583,"Sodo",NA,"070105","Woreda","District",""," "
584,74,"ETH","Ethiopia",10,"Southern Nations, Nationalities and Peoples",65,"Hadiya",584,"Analemmo",NA,"070208","Woreda","District",""," "
585,74,"ETH","Ethiopia",10,"Southern Nations, Nationalities and Peoples",65,"Hadiya",585,"Dune",NA,"070207","Woreda","District",""," "
586,74,"ETH","Ethiopia",10,"Southern Nations, Nationalities and Peoples",65,"Hadiya",586,"Gembora",NA,"070210","Woreda","District",""," "
587,74,"ETH","Ethiopia",10,"Southern Nations, Nationalities and Peoples",65,"Hadiya",587,"Gibe",NA,"070202","Woreda","District",""," "
588,74,"ETH","Ethiopia",10,"Southern Nations, Nationalities and Peoples",65,"Hadiya",588,"Limu",NA,"070203","Woreda","District",""," "
589,74,"ETH","Ethiopia",10,"Southern Nations, Nationalities and Peoples",65,"Hadiya",589,"Mierab Badawacho",NA,"070209","Woreda","District",""," "
590,74,"ETH","Ethiopia",10,"Southern Nations, Nationalities and Peoples",65,"Hadiya",590,"Misha",NA,"070201","Woreda","District",""," "
591,74,"ETH","Ethiopia",10,"Southern Nations, Nationalities and Peoples",65,"Hadiya",591,"Misrak Badawacho",NA,"070205","Woreda","District",""," "
592,74,"ETH","Ethiopia",10,"Southern Nations, Nationalities and Peoples",65,"Hadiya",592,"Shashogo",NA,"070204","Woreda","District",""," "
593,74,"ETH","Ethiopia",10,"Southern Nations, Nationalities and Peoples",65,"Hadiya",593,"Soro",NA,"070206","Woreda","District",""," "
594,74,"ETH","Ethiopia",10,"Southern Nations, Nationalities and Peoples",66,"Keffa",594,"Bita",NA,"070910","Woreda","District","","Big"
595,74,"ETH","Ethiopia",10,"Southern Nations, Nationalities and Peoples",66,"Keffa",595,"Chena",NA,"070909","Woreda","District",""," "
596,74,"ETH","Ethiopia",10,"Southern Nations, Nationalities and Peoples",66,"Keffa",596,"Cheta",NA,"070907","Woreda","District",""," "
597,74,"ETH","Ethiopia",10,"Southern Nations, Nationalities and Peoples",66,"Keffa",597,"Decha",NA,"070908","Woreda","District",""," "
598,74,"ETH","Ethiopia",10,"Southern Nations, Nationalities and Peoples",66,"Keffa",598,"Gesha (Deka)",NA,"070902","Woreda","District",""," "
599,74,"ETH","Ethiopia",10,"Southern Nations, Nationalities and Peoples",66,"Keffa",599,"Getawa",NA,"070903","Woreda","District",""," "
600,74,"ETH","Ethiopia",10,"Southern Nations, Nationalities and Peoples",66,"Keffa",600,"Gimbo",NA,"070904","Woreda","District",""," "
601,74,"ETH","Ethiopia",10,"Southern Nations, Nationalities and Peoples",66,"Keffa",601,"Menjiwo",NA,"070905","Woreda","District",""," "
602,74,"ETH","Ethiopia",10,"Southern Nations, Nationalities and Peoples",66,"Keffa",602,"Sayilem",NA,"070901","Woreda","District",""," "
603,74,"ETH","Ethiopia",10,"Southern Nations, Nationalities and Peoples",66,"Keffa",603,"Tulo",NA,"070906","Woreda","District",""," "
604,74,"ETH","Ethiopia",10,"Southern Nations, Nationalities and Peoples",67,"Kembata Tembaro",604,"Anigacha",NA,"070302","Woreda","District",""," "
605,74,"ETH","Ethiopia",10,"Southern Nations, Nationalities and Peoples",67,"Kembata Tembaro",605,"Daniboya",NA,"070307","Woreda","District",""," "
606,74,"ETH","Ethiopia",10,"Southern Nations, Nationalities and Peoples",67,"Kembata Tembaro",606,"Doya Gena",NA,"070306","Woreda","District",""," "
607,74,"ETH","Ethiopia",10,"Southern Nations, Nationalities and Peoples",67,"Kembata Tembaro",607,"Hadero Tubito",NA,"070305","Woreda","District",""," "
608,74,"ETH","Ethiopia",10,"Southern Nations, Nationalities and Peoples",67,"Kembata Tembaro",608,"Kacha Bira",NA,"070304","Woreda","District",""," "
609,74,"ETH","Ethiopia",10,"Southern Nations, Nationalities and Peoples",67,"Kembata Tembaro",609,"Kediada Gambela",NA,"070303","Woreda","District",""," "
610,74,"ETH","Ethiopia",10,"Southern Nations, Nationalities and Peoples",67,"Kembata Tembaro",610,"Tembaro",NA,"070301","Woreda","District",""," "
611,74,"ETH","Ethiopia",10,"Southern Nations, Nationalities and Peoples",68,"Konso",611,"Konso",NA,"071305","Special Woreda","District",""," "
612,74,"ETH","Ethiopia",10,"Southern Nations, Nationalities and Peoples",69,"Konta",612,"Konta",NA,"071901","Special Woreda","District","","Ela"
613,74,"ETH","Ethiopia",10,"Southern Nations, Nationalities and Peoples",70,"Sheka",613,"Anderacha",NA,"070802","Woreda","District",""," "
614,74,"ETH","Ethiopia",10,"Southern Nations, Nationalities and Peoples",70,"Sheka",614,"Masha",NA,"070801","Woreda","District",""," "
615,74,"ETH","Ethiopia",10,"Southern Nations, Nationalities and Peoples",70,"Sheka",615,"Yeki",NA,"070803","Woreda","District",""," "
616,74,"ETH","Ethiopia",10,"Southern Nations, Nationalities and Peoples",71,"Sidama",616,"Aleta Wendo",NA,"070405","Woreda","District",""," "
617,74,"ETH","Ethiopia",10,"Southern Nations, Nationalities and Peoples",71,"Sidama",617,"Arbe Gonna",NA,"070403","Woreda","District",""," "
618,74,"ETH","Ethiopia",10,"Southern Nations, Nationalities and Peoples",71,"Sidama",618,"Aroresa",NA,"070409","Woreda","District",""," "
619,74,"ETH","Ethiopia",10,"Southern Nations, Nationalities and Peoples",71,"Sidama",619,"Awasa Zuria",NA,"070402","Woreda","District","","Hawassa Zuria"
620,74,"ETH","Ethiopia",10,"Southern Nations, Nationalities and Peoples",71,"Sidama",620,"Awasa",NA,"070419","Woreda","District","","Hawassa"
621,74,"ETH","Ethiopia",10,"Southern Nations, Nationalities and Peoples",71,"Sidama",621,"Bensa",NA,"070408","Woreda","District",""," "
622,74,"ETH","Ethiopia",10,"Southern Nations, Nationalities and Peoples",71,"Sidama",622,"Bona Zuria",NA,"070418","Woreda","District",""," "
623,74,"ETH","Ethiopia",10,"Southern Nations, Nationalities and Peoples",71,"Sidama",623,"Boricha",NA,"070410","Woreda","District",""," "
624,74,"ETH","Ethiopia",10,"Southern Nations, Nationalities and Peoples",71,"Sidama",624,"Bursa",NA,"070416","Woreda","District",""," "
625,74,"ETH","Ethiopia",10,"Southern Nations, Nationalities and Peoples",71,"Sidama",625,"Chire",NA,"070415","Woreda","District",""," "
626,74,"ETH","Ethiopia",10,"Southern Nations, Nationalities and Peoples",71,"Sidama",626,"Chuko",NA,"070417","Woreda","District",""," "
627,74,"ETH","Ethiopia",10,"Southern Nations, Nationalities and Peoples",71,"Sidama",627,"Dale",NA,"070404","Woreda","District",""," "
628,74,"ETH","Ethiopia",10,"Southern Nations, Nationalities and Peoples",71,"Sidama",628,"Dara",NA,"070406","Woreda","District",""," "
629,74,"ETH","Ethiopia",10,"Southern Nations, Nationalities and Peoples",71,"Sidama",629,"Gorche",NA,"070411","Woreda","District",""," "
630,74,"ETH","Ethiopia",10,"Southern Nations, Nationalities and Peoples",71,"Sidama",630,"Hulla",NA,"070407","Woreda","District",""," "
631,74,"ETH","Ethiopia",10,"Southern Nations, Nationalities and Peoples",71,"Sidama",631,"Loka Abaya",NA,"070414","Woreda","District",""," "
632,74,"ETH","Ethiopia",10,"Southern Nations, Nationalities and Peoples",71,"Sidama",632,"Malga",NA,"070412","Woreda","District",""," "
633,74,"ETH","Ethiopia",10,"Southern Nations, Nationalities and Peoples",71,"Sidama",633,"Shebe Dino",NA,"070401","Woreda","District",""," "
634,74,"ETH","Ethiopia",10,"Southern Nations, Nationalities and Peoples",71,"Sidama",634,"Wondo-Genet",NA,"070420","Woreda","District",""," "
635,74,"ETH","Ethiopia",10,"Southern Nations, Nationalities and Peoples",71,"Sidama",635,"Wonosho",NA,"070413","Woreda","District",""," "
636,74,"ETH","Ethiopia",10,"Southern Nations, Nationalities and Peoples",72,"Silti",636,"Alicho Woriro",NA,"072001","Woreda","District",""," "
637,74,"ETH","Ethiopia",10,"Southern Nations, Nationalities and Peoples",72,"Silti",637,"Dalocha",NA,"072005","Woreda","District",""," "
638,74,"ETH","Ethiopia",10,"Southern Nations, Nationalities and Peoples",72,"Silti",638,"Lanfero",NA,"072003","Woreda","District",""," "
639,74,"ETH","Ethiopia",10,"Southern Nations, Nationalities and Peoples",72,"Silti",639,"Mierab Azenet Berbere",NA,"072004","Woreda","District",""," "
640,74,"ETH","Ethiopia",10,"Southern Nations, Nationalities and Peoples",72,"Silti",640,"Misrak Azenet Berbere",NA,"072007","Woreda","District",""," "
641,74,"ETH","Ethiopia",10,"Southern Nations, Nationalities and Peoples",72,"Silti",641,"Sankura",NA,"072006","Woreda","District",""," "
642,74,"ETH","Ethiopia",10,"Southern Nations, Nationalities and Peoples",72,"Silti",642,"Selti",NA,"072002","Woreda","District",""," "
643,74,"ETH","Ethiopia",10,"Southern Nations, Nationalities and Peoples",72,"Silti",643,"Wilbareg",NA,"072008","Woreda","District",""," "
644,74,"ETH","Ethiopia",10,"Southern Nations, Nationalities and Peoples",73,"Wolayita",644,"Boloso Bombe",NA,"070608","Woreda","District",""," "
645,74,"ETH","Ethiopia",10,"Southern Nations, Nationalities and Peoples",73,"Wolayita",645,"Boloso sore",NA,"070601","Woreda","District",""," "
646,74,"ETH","Ethiopia",10,"Southern Nations, Nationalities and Peoples",73,"Wolayita",646,"Damot Gale",NA,"070602","Woreda","District",""," "
647,74,"ETH","Ethiopia",10,"Southern Nations, Nationalities and Peoples",73,"Wolayita",647,"Damot Pulasa",NA,"070611","Woreda","District",""," "
648,74,"ETH","Ethiopia",10,"Southern Nations, Nationalities and Peoples",73,"Wolayita",648,"Damot Sore",NA,"070609","Woreda","District",""," "
649,74,"ETH","Ethiopia",10,"Southern Nations, Nationalities and Peoples",73,"Wolayita",649,"Damot Weydie",NA,"070603","Woreda","District",""," "
650,74,"ETH","Ethiopia",10,"Southern Nations, Nationalities and Peoples",73,"Wolayita",650,"Diguna Fango",NA,"070612","Woreda","District",""," "
651,74,"ETH","Ethiopia",10,"Southern Nations, Nationalities and Peoples",73,"Wolayita",651,"Humbo",NA,"070604","Woreda","District",""," "
652,74,"ETH","Ethiopia",10,"Southern Nations, Nationalities and Peoples",73,"Wolayita",652,"Kindo Dida",NA,"070610","Woreda","District",""," "
653,74,"ETH","Ethiopia",10,"Southern Nations, Nationalities and Peoples",73,"Wolayita",653,"Kindo Koysha",NA,"070606","Woreda","District",""," "
654,74,"ETH","Ethiopia",10,"Southern Nations, Nationalities and Peoples",73,"Wolayita",654,"Ofa",NA,"070607","Woreda","District",""," "
655,74,"ETH","Ethiopia",10,"Southern Nations, Nationalities and Peoples",73,"Wolayita",655,"Sodo Zuria",NA,"070605","Woreda","District",""," "
656,74,"ETH","Ethiopia",10,"Southern Nations, Nationalities and Peoples",74,"Yem",656,"Yem",NA,"071201","Special Woreda","District",""," "
657,74,"ETH","Ethiopia",11,"Tigray",75,"Debubawi",657,"Alaje",NA,"010404","Woreda","District",""," "
658,74,"ETH","Ethiopia",11,"Tigray",75,"Debubawi",658,"Alamata",NA,"010407","Woreda","District",""," "
659,74,"ETH","Ethiopia",11,"Tigray",75,"Debubawi",659,"Endamehoni",NA,"010405","Woreda","District",""," "
660,74,"ETH","Ethiopia",11,"Tigray",75,"Debubawi",660,"Enderta",NA,"010402","Woreda","District",""," "
661,74,"ETH","Ethiopia",11,"Tigray",75,"Debubawi",661,"Hintalo Wejirat",NA,"010403","Woreda","District",""," "
662,74,"ETH","Ethiopia",11,"Tigray",75,"Debubawi",662,"Ofla",NA,"010408","Woreda","District",""," "
663,74,"ETH","Ethiopia",11,"Tigray",75,"Debubawi",663,"Raya Azebo",NA,"010406","Woreda","District",""," "
664,74,"ETH","Ethiopia",11,"Tigray",75,"Debubawi",664,"Saharti Samre",NA,"010401","Woreda","District",""," "
665,74,"ETH","Ethiopia",11,"Tigray",76,"Mehakelegnaw",665,"Adwa",NA,"010204","Woreda","District",""," "
666,74,"ETH","Ethiopia",11,"Tigray",76,"Mehakelegnaw",666,"Ahferom",NA,"010202","Woreda","District",""," "
667,74,"ETH","Ethiopia",11,"Tigray",76,"Mehakelegnaw",667,"Degua Temben",NA,"010209","Woreda","District",""," "
668,74,"ETH","Ethiopia",11,"Tigray",76,"Mehakelegnaw",668,"Kola Temben",NA,"010208","Woreda","District",""," "
669,74,"ETH","Ethiopia",11,"Tigray",76,"Mehakelegnaw",669,"Laelay Maychew",NA,"010205","Woreda","District",""," "
670,74,"ETH","Ethiopia",11,"Tigray",76,"Mehakelegnaw",670,"Mereb Leke",NA,"010201","Woreda","District",""," "
671,74,"ETH","Ethiopia",11,"Tigray",76,"Mehakelegnaw",671,"Naeder Adet",NA,"010207","Woreda","District",""," "
672,74,"ETH","Ethiopia",11,"Tigray",76,"Mehakelegnaw",672,"Tahtay Maychew",NA,"010206","Woreda","District",""," "
673,74,"ETH","Ethiopia",11,"Tigray",76,"Mehakelegnaw",673,"Tanqua Abergele",NA,"010210","Woreda","District",""," "
674,74,"ETH","Ethiopia",11,"Tigray",76,"Mehakelegnaw",674,"Werei Leke",NA,"010203","Woreda","District",""," "
675,74,"ETH","Ethiopia",11,"Tigray",77,"Mi'irabawi",675,"Kafta Humera",NA,"010501","Woreda","District",""," "
676,74,"ETH","Ethiopia",11,"Tigray",77,"Mi'irabawi",676,"Tsegede",NA,"010503","Woreda","District",""," "
677,74,"ETH","Ethiopia",11,"Tigray",77,"Mi'irabawi",677,"Welkait",NA,"010502","Woreda","District",""," "
678,74,"ETH","Ethiopia",11,"Tigray",78,"Misraqawi",678,"Atsbi Wenberta",NA,"010307","Woreda","District",""," "
679,74,"ETH","Ethiopia",11,"Tigray",78,"Misraqawi",679,"Erob",NA,"010302","Woreda","District",""," "
680,74,"ETH","Ethiopia",11,"Tigray",78,"Misraqawi",680,"Ganta Afeshum",NA,"010304","Woreda","District",""," "
681,74,"ETH","Ethiopia",11,"Tigray",78,"Misraqawi",681,"Gulomekeda",NA,"010301","Woreda","District",""," "
682,74,"ETH","Ethiopia",11,"Tigray",78,"Misraqawi",682,"Hawzen",NA,"010305","Woreda","District",""," "
683,74,"ETH","Ethiopia",11,"Tigray",78,"Misraqawi",683,"Kelete Awelallo",NA,"010306","Woreda","District",""," "
684,74,"ETH","Ethiopia",11,"Tigray",78,"Misraqawi",684,"Saesie Tsaedaemba",NA,"010303","Woreda","District",""," "
685,74,"ETH","Ethiopia",11,"Tigray",79,"Semien Mi'irabaw",685,"Asgede Tsimbila",NA,"010105","Woreda","District",""," "
686,74,"ETH","Ethiopia",11,"Tigray",79,"Semien Mi'irabaw",686,"Laelay Adiyabo",NA,"010102","Woreda","District",""," "
687,74,"ETH","Ethiopia",11,"Tigray",79,"Semien Mi'irabaw",687,"Medebay Zana",NA,"010103","Woreda","District",""," "
688,74,"ETH","Ethiopia",11,"Tigray",79,"Semien Mi'irabaw",688,"Tahtay Adiyabo",NA,"010101","Woreda","District",""," "
689,74,"ETH","Ethiopia",11,"Tigray",79,"Semien Mi'irabaw",689,"Tahtay Koraro",NA,"010104","Woreda","District",""," "
690,74,"ETH","Ethiopia",11,"Tigray",79,"Semien Mi'irabaw",690,"Tselemti",NA,"010106","Woreda","District",""," "
